Order_ID,Order_Date,Product_ID,Product_Name,Category,Supplier_ID,Supplier_Name,Quantity,Unit_Price,Sales,Stock,Reorder_Level,Delivery_Days,Delivery_Status,Order_Status,Inventory_Status,Reorder_Quantity,Inventory_Value
1001,2025-02-04,P006,Mouse,Accessories,S004,Prime Distributors,18,800,14400,80,26,2,On Time,Delivered,Normal,0,64000
1002,2025-12-10,P009,Office Chair,Furniture,S004,Prime Distributors,13,7000,91000,61,20,10,On Time,Delivered,Normal,0,427000
1003,2025-09-09,P004,Monitor,Electronics,S005,Reliable Suppliers,9,12000,108000,54,23,5,On Time,Delivered,Normal,0,648000
1004,2025-03-09,P009,Office Chair,Furniture,S002,Global Electronics,5,7000,35000,48,20,4,Delayed,Delivered,Normal,0,336000
1005,2025-12-26,P008,Printer,Office,S004,Prime Distributors,18,15000,270000,68,27,7,Delayed,Delivered,Normal,0,1020000
1006,2025-12-20,P003,Tablet,Electronics,S001,Tech Supplier Ltd,11,18000,198000,72,24,3,Delayed,Pending,Normal,0,1296000
1007,2025-07-20,P010,Desk,Furniture,S002,Global Electronics,4,10000,40000,49,22,5,Delayed,Delivered,Normal,0,490000
1008,2025-03-17,P010,Desk,Furniture,S005,Reliable Suppliers,10,10000,100000,39,28,5,On Time,Delivered,Normal,0,390000
1009,2025-12-29,P010,Desk,Furniture,S002,Global Electronics,14,10000,140000,76,23,8,On Time,Delivered,Normal,0,760000
1010,2025-01-31,P001,Laptop,Electronics,S003,Smart Supply Co,3,50000,150000,6,24,9,On Time,Delivered,Low Stock,18,300000
1011,2025-03-15,P009,Office Chair,Furniture,S001,Tech Supplier Ltd,20,7000,140000,65,22,10,Delayed,Cancelled,Normal,0,455000
1012,2025-01-20,P002,Mobile Phone,Electronics,S005,Reliable Suppliers,8,25000,200000,86,12,6,On Time,Delivered,Normal,0,2150000
1013,2025-08-24,P004,Monitor,Electronics,S005,Reliable Suppliers,19,12000,228000,49,16,9,On Time,Delivered,Normal,0,588000
1014,2025-01-17,P009,Office Chair,Furniture,S004,Prime Distributors,12,7000,84000,7,12,7,Delayed,Delivered,Low Stock,5,49000
1015,2025-06-14,P010,Desk,Furniture,S005,Reliable Suppliers,9,10000,90000,21,22,5,On Time,Pending,Low Stock,1,210000
1016,2025-09-11,P005,Keyboard,Accessories,S001,Tech Supplier Ltd,7,1500,10500,20,30,9,Delayed,Delivered,Low Stock,10,30000
1017,2025-06-10,P001,Laptop,Electronics,S003,Smart Supply Co,15,50000,750000,77,27,9,Delayed,Cancelled,Normal,0,3850000
1018,2025-03-11,P001,Laptop,Electronics,S003,Smart Supply Co,12,50000,600000,76,16,7,Delayed,Pending,Normal,0,3800000
1019,2025-12-01,P006,Mouse,Accessories,S005,Reliable Suppliers,14,800,11200,84,23,6,Delayed,Cancelled,Normal,0,67200
1020,2025-10-17,P001,Laptop,Electronics,S005,Reliable Suppliers,9,50000,450000,55,25,11,On Time,Delivered,Normal,0,2750000
1021,2025-04-03,P008,Printer,Office,S003,Smart Supply Co,7,15000,105000,51,14,6,Delayed,Pending,Normal,0,765000
1022,2025-07-14,P004,Monitor,Electronics,S001,Tech Supplier Ltd,19,12000,228000,20,28,5,Delayed,Delivered,Low Stock,8,240000
1023,2025-01-23,P010,Desk,Furniture,S005,Reliable Suppliers,6,10000,60000,44,26,9,Delayed,Cancelled,Normal,0,440000
1024,2025-01-13,P005,Keyboard,Accessories,S005,Reliable Suppliers,5,1500,7500,46,30,8,On Time,Cancelled,Normal,0,69000
1025,2025-01-11,P002,Mobile Phone,Electronics,S004,Prime Distributors,12,25000,300000,42,26,2,Delayed,Delivered,Normal,0,1050000
1026,2025-11-27,P010,Desk,Furniture,S003,Smart Supply Co,10,10000,100000,52,18,7,On Time,Pending,Normal,0,520000
1027,2025-09-03,P002,Mobile Phone,Electronics,S001,Tech Supplier Ltd,13,25000,325000,10,27,5,On Time,Delivered,Low Stock,17,250000
1028,2025-07-25,P009,Office Chair,Furniture,S003,Smart Supply Co,11,7000,77000,38,14,7,On Time,Delivered,Normal,0,266000
1029,2025-03-13,P008,Printer,Office,S003,Smart Supply Co,20,15000,300000,85,11,11,Delayed,Delivered,Normal,0,1275000
1030,2025-06-09,P009,Office Chair,Furniture,S003,Smart Supply Co,20,7000,140000,86,30,4,Delayed,Cancelled,Normal,0,602000
1031,2025-03-19,P006,Mouse,Accessories,S004,Prime Distributors,7,800,5600,17,27,12,On Time,Cancelled,Low Stock,10,13600
1032,2025-01-30,P009,Office Chair,Furniture,S004,Prime Distributors,13,7000,91000,17,16,4,On Time,Delivered,Normal,0,119000
1033,2025-10-02,P010,Desk,Furniture,S002,Global Electronics,8,10000,80000,67,29,9,On Time,Delivered,Normal,0,670000
1034,2025-03-21,P004,Monitor,Electronics,S005,Reliable Suppliers,4,12000,48000,36,15,4,On Time,Pending,Normal,0,432000
1035,2025-02-14,P007,Headphones,Accessories,S002,Global Electronics,17,2500,42500,95,24,5,On Time,Cancelled,Normal,0,237500
1036,2025-07-19,P008,Printer,Office,S003,Smart Supply Co,13,15000,195000,69,29,4,On Time,Delivered,Normal,0,1035000
1037,2025-03-11,P008,Printer,Office,S005,Reliable Suppliers,1,15000,15000,79,15,8,Delayed,Delivered,Normal,0,1185000
1038,2025-10-22,P002,Mobile Phone,Electronics,S001,Tech Supplier Ltd,10,25000,250000,79,10,12,On Time,Cancelled,Normal,0,1975000
1039,2025-10-20,P008,Printer,Office,S004,Prime Distributors,4,15000,60000,57,29,12,Delayed,Pending,Normal,0,855000
1040,2025-11-04,P002,Mobile Phone,Electronics,S003,Smart Supply Co,11,25000,275000,72,23,9,Delayed,Delivered,Normal,0,1800000
1041,2025-03-20,P004,Monitor,Electronics,S003,Smart Supply Co,18,12000,216000,65,30,11,Delayed,Pending,Normal,0,780000
1042,2025-11-15,P007,Headphones,Accessories,S003,Smart Supply Co,16,2500,40000,36,29,3,Delayed,Delivered,Normal,0,90000
1043,2025-01-20,P001,Laptop,Electronics,S004,Prime Distributors,18,50000,900000,53,15,11,On Time,Cancelled,Normal,0,2650000
1044,2025-06-02,P001,Laptop,Electronics,S001,Tech Supplier Ltd,14,50000,700000,30,21,6,On Time,Delivered,Normal,0,1500000
1045,2025-03-06,P008,Printer,Office,S003,Smart Supply Co,1,15000,15000,84,14,12,Delayed,Cancelled,Normal,0,1260000
1046,2025-01-09,P008,Printer,Office,S003,Smart Supply Co,2,15000,30000,38,25,4,Delayed,Cancelled,Normal,0,570000
1047,2025-10-10,P009,Office Chair,Furniture,S003,Smart Supply Co,15,7000,105000,5,29,4,Delayed,Delivered,Low Stock,24,35000
1048,2025-05-17,P009,Office Chair,Furniture,S003,Smart Supply Co,20,7000,140000,97,12,5,On Time,Pending,Normal,0,679000
1049,2025-07-22,P005,Keyboard,Accessories,S003,Smart Supply Co,11,1500,16500,63,28,11,On Time,Delivered,Normal,0,94500
1050,2025-10-11,P008,Printer,Office,S002,Global Electronics,18,15000,270000,22,17,10,On Time,Delivered,Normal,0,330000
1051,2025-05-27,P008,Printer,Office,S001,Tech Supplier Ltd,10,15000,150000,19,20,12,On Time,Delivered,Low Stock,1,285000
1052,2025-09-07,P007,Headphones,Accessories,S002,Global Electronics,8,2500,20000,61,11,3,Delayed,Pending,Normal,0,152500
1053,2025-01-06,P001,Laptop,Electronics,S004,Prime Distributors,5,50000,250000,63,26,2,On Time,Delivered,Normal,0,3150000
1054,2025-05-13,P001,Laptop,Electronics,S002,Global Electronics,14,50000,700000,44,16,2,On Time,Delivered,Normal,0,2200000
1055,2025-04-07,P004,Monitor,Electronics,S002,Global Electronics,16,12000,192000,76,18,2,Delayed,Delivered,Normal,0,912000
1056,2025-02-16,P001,Laptop,Electronics,S001,Tech Supplier Ltd,8,50000,400000,73,20,7,On Time,Delivered,Normal,0,3650000
1057,2025-10-06,P007,Headphones,Accessories,S001,Tech Supplier Ltd,20,2500,50000,50,13,3,On Time,Delivered,Normal,0,125000
1058,2025-06-15,P005,Keyboard,Accessories,S004,Prime Distributors,20,1500,30000,38,13,3,On Time,Pending,Normal,0,57000
1059,2025-11-16,P008,Printer,Office,S005,Reliable Suppliers,18,15000,270000,56,17,6,Delayed,Pending,Normal,0,840000
1060,2025-04-15,P004,Monitor,Electronics,S003,Smart Supply Co,15,12000,180000,26,21,9,On Time,Pending,Normal,0,312000
1061,2025-06-28,P005,Keyboard,Accessories,S003,Smart Supply Co,16,1500,24000,80,28,6,Delayed,Pending,Normal,0,120000
1062,2025-05-03,P009,Office Chair,Furniture,S004,Prime Distributors,1,7000,7000,40,21,5,On Time,Pending,Normal,0,280000
1063,2025-07-23,P003,Tablet,Electronics,S003,Smart Supply Co,14,18000,252000,5,30,4,On Time,Delivered,Low Stock,25,90000
1064,2025-07-23,P002,Mobile Phone,Electronics,S005,Reliable Suppliers,19,25000,475000,77,30,2,Delayed,Delivered,Normal,0,1925000
1065,2025-02-05,P006,Mouse,Accessories,S003,Smart Supply Co,4,800,3200,87,11,6,Delayed,Pending,Normal,0,69600
1066,2025-10-09,P005,Keyboard,Accessories,S001,Tech Supplier Ltd,15,1500,22500,7,11,11,On Time,Delivered,Low Stock,4,10500
1067,2025-03-30,P006,Mouse,Accessories,S005,Reliable Suppliers,7,800,5600,94,10,5,On Time,Delivered,Normal,0,75200
1068,2025-07-31,P005,Keyboard,Accessories,S003,Smart Supply Co,6,1500,9000,22,19,3,Delayed,Cancelled,Normal,0,33000
1069,2025-07-18,P001,Laptop,Electronics,S005,Reliable Suppliers,6,50000,300000,34,17,12,Delayed,Delivered,Normal,0,1700000
1070,2025-01-04,P005,Keyboard,Accessories,S001,Tech Supplier Ltd,15,1500,22500,77,21,8,Delayed,Cancelled,Normal,0,115500
1071,2025-02-01,P007,Headphones,Accessories,S005,Reliable Suppliers,4,2500,10000,18,16,3,Delayed,Delivered,Normal,0,45000
1072,2025-04-01,P003,Tablet,Electronics,S001,Tech Supplier Ltd,19,18000,342000,66,21,7,Delayed,Delivered,Normal,0,1188000
1073,2025-07-12,P003,Tablet,Electronics,S005,Reliable Suppliers,5,18000,90000,9,15,5,Delayed,Delivered,Low Stock,6,162000
1074,2025-12-21,P005,Keyboard,Accessories,S002,Global Electronics,3,1500,4500,32,21,5,On Time,Delivered,Normal,0,48000
1075,2025-05-15,P004,Monitor,Electronics,S005,Reliable Suppliers,5,12000,60000,52,23,12,On Time,Pending,Normal,0,624000
1076,2025-03-17,P008,Printer,Office,S004,Prime Distributors,13,15000,195000,78,29,8,Delayed,Delivered,Normal,0,1170000
1077,2025-10-05,P004,Monitor,Electronics,S002,Global Electronics,3,12000,36000,62,23,12,Delayed,Cancelled,Normal,0,744000
1078,2025-08-20,P006,Mouse,Accessories,S002,Global Electronics,8,800,6400,29,12,9,On Time,Cancelled,Normal,0,23200
1079,2025-01-06,P010,Desk,Furniture,S002,Global Electronics,19,10000,190000,58,25,6,Delayed,Delivered,Normal,0,580000
1080,2025-02-21,P007,Headphones,Accessories,S004,Prime Distributors,20,2500,50000,77,16,10,Delayed,Delivered,Normal,0,192500
1081,2025-09-27,P008,Printer,Office,S002,Global Electronics,15,15000,225000,73,17,12,On Time,Cancelled,Normal,0,1095000
1082,2025-10-31,P009,Office Chair,Furniture,S004,Prime Distributors,15,7000,105000,13,30,3,Delayed,Pending,Low Stock,17,91000
1083,2025-05-05,P004,Monitor,Electronics,S004,Prime Distributors,14,12000,168000,36,20,6,Delayed,Delivered,Normal,0,432000
1084,2025-06-07,P008,Printer,Office,S004,Prime Distributors,14,15000,210000,80,10,4,Delayed,Delivered,Normal,0,1200000
1085,2025-08-29,P005,Keyboard,Accessories,S001,Tech Supplier Ltd,18,1500,27000,21,30,6,Delayed,Pending,Low Stock,9,31500
1086,2025-11-18,P005,Keyboard,Accessories,S005,Reliable Suppliers,10,1500,15000,97,11,9,Delayed,Cancelled,Normal,0,145500
1087,2025-08-12,P001,Laptop,Electronics,S001,Tech Supplier Ltd,17,50000,850000,56,14,12,Delayed,Cancelled,Normal,0,2800000
1088,2025-04-18,P007,Headphones,Accessories,S002,Global Electronics,16,2500,40000,62,27,9,On Time,Delivered,Normal,0,155000
1089,2025-02-07,P003,Tablet,Electronics,S001,Tech Supplier Ltd,2,18000,36000,99,13,3,Delayed,Delivered,Normal,0,1782000
1090,2025-12-23,P005,Keyboard,Accessories,S005,Reliable Suppliers,3,1500,4500,64,22,5,On Time,Cancelled,Normal,0,96000
1091,2025-12-30,P004,Monitor,Electronics,S005,Reliable Suppliers,2,12000,24000,86,29,3,On Time,Cancelled,Normal,0,1032000
1092,2025-05-03,P003,Tablet,Electronics,S003,Smart Supply Co,16,18000,288000,13,24,12,On Time,Delivered,Low Stock,11,234000
1093,2025-05-27,P006,Mouse,Accessories,S005,Reliable Suppliers,10,800,8000,58,21,7,On Time,Delivered,Normal,0,46400
1094,2025-09-16,P010,Desk,Furniture,S005,Reliable Suppliers,9,10000,90000,7,20,7,Delayed,Cancelled,Low Stock,13,70000
1095,2025-01-05,P002,Mobile Phone,Electronics,S003,Smart Supply Co,12,25000,300000,71,13,2,Delayed,Delivered,Normal,0,1775000
1096,2025-07-18,P006,Mouse,Accessories,S001,Tech Supplier Ltd,12,800,9600,76,14,12,On Time,Pending,Normal,0,60800
1097,2025-09-25,P002,Mobile Phone,Electronics,S001,Tech Supplier Ltd,11,25000,275000,83,23,10,On Time,Delivered,Normal,0,2075000
1098,2025-09-12,P003,Tablet,Electronics,S005,Reliable Suppliers,10,18000,180000,38,13,6,On Time,Pending,Normal,0,684000
1099,2025-06-05,P006,Mouse,Accessories,S005,Reliable Suppliers,16,800,12800,93,25,12,Delayed,Cancelled,Normal,0,74400
1100,2025-11-14,P009,Office Chair,Furniture,S005,Reliable Suppliers,20,7000,140000,42,17,8,On Time,Pending,Normal,0,294000
1101,2025-12-12,P002,Mobile Phone,Electronics,S004,Prime Distributors,4,25000,100000,91,11,8,On Time,Delivered,Normal,0,2275000
1102,2025-10-19,P001,Laptop,Electronics,S004,Prime Distributors,1,50000,50000,44,15,12,Delayed,Cancelled,Normal,0,2200000
1103,2025-07-28,P003,Tablet,Electronics,S002,Global Electronics,2,18000,36000,11,29,10,On Time,Delivered,Low Stock,18,198000
1104,2025-07-13,P002,Mobile Phone,Electronics,S003,Smart Supply Co,19,25000,475000,86,17,2,Delayed,Pending,Normal,0,2150000
1105,2025-09-01,P002,Mobile Phone,Electronics,S002,Global Electronics,7,25000,175000,8,27,5,Delayed,Delivered,Low Stock,19,200000
1106,2025-06-21,P004,Monitor,Electronics,S001,Tech Supplier Ltd,6,12000,72000,44,16,3,On Time,Delivered,Normal,0,528000
1107,2025-02-27,P006,Mouse,Accessories,S001,Tech Supplier Ltd,8,800,6400,32,18,2,Delayed,Delivered,Normal,0,25600
1108,2025-06-09,P001,Laptop,Electronics,S001,Tech Supplier Ltd,3,50000,150000,27,21,10,Delayed,Cancelled,Normal,0,1350000
1109,2025-05-22,P006,Mouse,Accessories,S004,Prime Distributors,2,800,1600,12,28,2,On Time,Delivered,Low Stock,16,9600
1110,2025-03-23,P008,Printer,Office,S003,Smart Supply Co,12,15000,180000,97,18,4,Delayed,Delivered,Normal,0,1455000
1111,2025-11-23,P004,Monitor,Electronics,S005,Reliable Suppliers,4,12000,48000,41,23,4,On Time,Pending,Normal,0,492000
1112,2025-10-08,P007,Headphones,Accessories,S003,Smart Supply Co,3,2500,7500,8,21,2,Delayed,Delivered,Low Stock,13,20000
1113,2025-08-13,P006,Mouse,Accessories,S004,Prime Distributors,8,800,6400,67,30,2,Delayed,Delivered,Normal,0,53600
1114,2025-06-19,P005,Keyboard,Accessories,S001,Tech Supplier Ltd,1,1500,1500,74,15,8,Delayed,Delivered,Normal,0,111000
1115,2025-03-02,P005,Keyboard,Accessories,S002,Global Electronics,10,1500,15000,93,16,2,On Time,Cancelled,Normal,0,139500
1116,2025-03-28,P005,Keyboard,Accessories,S003,Smart Supply Co,18,1500,27000,59,19,3,On Time,Delivered,Normal,0,88500
1117,2025-12-29,P003,Tablet,Electronics,S004,Prime Distributors,1,18000,18000,69,16,9,On Time,Pending,Normal,0,1242000
1118,2025-08-03,P001,Laptop,Electronics,S001,Tech Supplier Ltd,19,50000,950000,78,15,5,On Time,Cancelled,Normal,0,3900000
1119,2025-10-07,P005,Keyboard,Accessories,S003,Smart Supply Co,13,1500,19500,91,16,7,On Time,Cancelled,Normal,0,136500
1120,2025-12-27,P004,Monitor,Electronics,S003,Smart Supply Co,8,12000,96000,27,28,7,On Time,Pending,Low Stock,1,324000
1121,2025-01-21,P010,Desk,Furniture,S002,Global Electronics,2,10000,20000,53,14,5,Delayed,Delivered,Normal,0,530000
1122,2025-02-03,P004,Monitor,Electronics,S004,Prime Distributors,19,12000,228000,35,27,9,On Time,Pending,Normal,0,420000
1123,2025-11-19,P010,Desk,Furniture,S001,Tech Supplier Ltd,12,10000,120000,67,24,8,On Time,Cancelled,Normal,0,670000
1124,2025-03-30,P003,Tablet,Electronics,S005,Reliable Suppliers,6,18000,108000,44,12,8,Delayed,Cancelled,Normal,0,792000
1125,2025-02-06,P006,Mouse,Accessories,S001,Tech Supplier Ltd,10,800,8000,16,26,7,On Time,Delivered,Low Stock,10,12800
1126,2025-04-28,P010,Desk,Furniture,S003,Smart Supply Co,16,10000,160000,7,16,10,On Time,Delivered,Low Stock,9,70000
1127,2025-05-30,P007,Headphones,Accessories,S005,Reliable Suppliers,18,2500,45000,77,26,4,On Time,Pending,Normal,0,192500
1128,2025-01-30,P006,Mouse,Accessories,S002,Global Electronics,13,800,10400,50,26,4,Delayed,Cancelled,Normal,0,40000
1129,2025-09-14,P007,Headphones,Accessories,S001,Tech Supplier Ltd,1,2500,2500,6,12,9,On Time,Delivered,Low Stock,6,15000
1130,2025-02-17,P010,Desk,Furniture,S003,Smart Supply Co,19,10000,190000,17,20,12,Delayed,Delivered,Low Stock,3,170000
1131,2025-07-24,P010,Desk,Furniture,S004,Prime Distributors,16,10000,160000,76,27,7,On Time,Delivered,Normal,0,760000
1132,2025-07-21,P001,Laptop,Electronics,S005,Reliable Suppliers,3,50000,150000,97,14,8,On Time,Cancelled,Normal,0,4850000
1133,2025-03-30,P004,Monitor,Electronics,S003,Smart Supply Co,17,12000,204000,52,29,9,Delayed,Delivered,Normal,0,624000
1134,2025-06-12,P004,Monitor,Electronics,S003,Smart Supply Co,19,12000,228000,11,14,10,On Time,Pending,Low Stock,3,132000
1135,2025-03-18,P004,Monitor,Electronics,S003,Smart Supply Co,3,12000,36000,30,24,10,Delayed,Pending,Normal,0,360000
1136,2025-09-06,P007,Headphones,Accessories,S002,Global Electronics,1,2500,2500,19,29,11,On Time,Cancelled,Low Stock,10,47500
1137,2025-05-23,P004,Monitor,Electronics,S002,Global Electronics,7,12000,84000,57,18,2,On Time,Pending,Normal,0,684000
1138,2025-02-16,P001,Laptop,Electronics,S005,Reliable Suppliers,8,50000,400000,26,16,7,Delayed,Pending,Normal,0,1300000
1139,2025-06-09,P007,Headphones,Accessories,S005,Reliable Suppliers,4,2500,10000,42,13,4,On Time,Delivered,Normal,0,105000
1140,2025-03-09,P006,Mouse,Accessories,S004,Prime Distributors,16,800,12800,28,28,9,On Time,Delivered,Normal,0,22400
1141,2025-07-14,P005,Keyboard,Accessories,S004,Prime Distributors,17,1500,25500,94,18,11,Delayed,Cancelled,Normal,0,141000
1142,2025-10-30,P003,Tablet,Electronics,S003,Smart Supply Co,19,18000,342000,63,28,10,Delayed,Delivered,Normal,0,1134000
1143,2025-03-13,P009,Office Chair,Furniture,S002,Global Electronics,18,7000,126000,46,20,6,On Time,Pending,Normal,0,322000
1144,2025-05-04,P002,Mobile Phone,Electronics,S003,Smart Supply Co,19,25000,475000,26,28,9,On Time,Cancelled,Low Stock,2,650000
1145,2025-11-03,P008,Printer,Office,S002,Global Electronics,4,15000,60000,24,21,6,Delayed,Delivered,Normal,0,360000
1146,2025-04-22,P004,Monitor,Electronics,S003,Smart Supply Co,13,12000,156000,39,13,8,Delayed,Delivered,Normal,0,468000
1147,2025-10-21,P007,Headphones,Accessories,S004,Prime Distributors,18,2500,45000,6,17,11,Delayed,Delivered,Low Stock,11,15000
1148,2025-08-03,P004,Monitor,Electronics,S005,Reliable Suppliers,8,12000,96000,58,23,2,Delayed,Cancelled,Normal,0,696000
1149,2025-11-02,P005,Keyboard,Accessories,S003,Smart Supply Co,17,1500,25500,59,15,7,Delayed,Delivered,Normal,0,88500
1150,2025-06-02,P008,Printer,Office,S004,Prime Distributors,3,15000,45000,21,18,10,Delayed,Delivered,Normal,0,315000
1151,2025-06-14,P005,Keyboard,Accessories,S005,Reliable Suppliers,10,1500,15000,74,18,5,On Time,Delivered,Normal,0,111000
1152,2025-02-09,P002,Mobile Phone,Electronics,S002,Global Electronics,17,25000,425000,7,29,11,On Time,Delivered,Low Stock,22,175000
1153,2025-12-19,P005,Keyboard,Accessories,S001,Tech Supplier Ltd,5,1500,7500,52,28,7,On Time,Delivered,Normal,0,78000
1154,2025-02-13,P005,Keyboard,Accessories,S005,Reliable Suppliers,8,1500,12000,13,21,6,On Time,Pending,Low Stock,8,19500
1155,2025-06-24,P008,Printer,Office,S005,Reliable Suppliers,20,15000,300000,50,24,8,Delayed,Delivered,Normal,0,750000
1156,2025-10-23,P010,Desk,Furniture,S002,Global Electronics,11,10000,110000,56,22,5,On Time,Cancelled,Normal,0,560000
1157,2025-01-04,P003,Tablet,Electronics,S002,Global Electronics,15,18000,270000,56,28,11,Delayed,Delivered,Normal,0,1008000
1158,2025-07-23,P001,Laptop,Electronics,S002,Global Electronics,5,50000,250000,74,24,12,Delayed,Delivered,Normal,0,3700000
1159,2025-03-05,P009,Office Chair,Furniture,S004,Prime Distributors,11,7000,77000,31,26,10,On Time,Delivered,Normal,0,217000
1160,2025-02-28,P001,Laptop,Electronics,S004,Prime Distributors,7,50000,350000,94,21,11,Delayed,Delivered,Normal,0,4700000
1161,2025-06-14,P010,Desk,Furniture,S002,Global Electronics,13,10000,130000,76,13,8,On Time,Delivered,Normal,0,760000
1162,2025-01-23,P004,Monitor,Electronics,S004,Prime Distributors,4,12000,48000,28,10,10,Delayed,Delivered,Normal,0,336000
1163,2025-12-05,P001,Laptop,Electronics,S005,Reliable Suppliers,9,50000,450000,95,28,2,Delayed,Delivered,Normal,0,4750000
1164,2025-09-13,P005,Keyboard,Accessories,S001,Tech Supplier Ltd,7,1500,10500,25,21,12,On Time,Delivered,Normal,0,37500
1165,2025-12-20,P003,Tablet,Electronics,S002,Global Electronics,20,18000,360000,24,15,11,On Time,Delivered,Normal,0,432000
1166,2025-05-13,P007,Headphones,Accessories,S003,Smart Supply Co,20,2500,50000,69,26,7,Delayed,Pending,Normal,0,172500
1167,2025-01-03,P006,Mouse,Accessories,S005,Reliable Suppliers,9,800,7200,46,14,10,On Time,Delivered,Normal,0,36800
1168,2025-07-11,P007,Headphones,Accessories,S005,Reliable Suppliers,10,2500,25000,29,20,6,On Time,Pending,Normal,0,72500
1169,2025-08-04,P003,Tablet,Electronics,S005,Reliable Suppliers,2,18000,36000,83,26,3,Delayed,Cancelled,Normal,0,1494000
1170,2025-08-20,P007,Headphones,Accessories,S001,Tech Supplier Ltd,1,2500,2500,76,15,8,Delayed,Pending,Normal,0,190000
1171,2025-07-03,P007,Headphones,Accessories,S002,Global Electronics,9,2500,22500,61,26,6,On Time,Delivered,Normal,0,152500
1172,2025-02-08,P002,Mobile Phone,Electronics,S004,Prime Distributors,19,25000,475000,97,19,4,Delayed,Cancelled,Normal,0,2425000
1173,2025-02-25,P007,Headphones,Accessories,S005,Reliable Suppliers,18,2500,45000,8,22,11,On Time,Pending,Low Stock,14,20000
1174,2025-09-12,P004,Monitor,Electronics,S004,Prime Distributors,15,12000,180000,88,17,2,On Time,Pending,Normal,0,1056000
1175,2025-12-11,P009,Office Chair,Furniture,S001,Tech Supplier Ltd,12,7000,84000,89,10,2,On Time,Cancelled,Normal,0,623000
1176,2025-01-08,P010,Desk,Furniture,S004,Prime Distributors,10,10000,100000,34,19,10,On Time,Delivered,Normal,0,340000
1177,2025-06-13,P004,Monitor,Electronics,S005,Reliable Suppliers,4,12000,48000,35,17,8,Delayed,Delivered,Normal,0,420000
1178,2025-12-07,P007,Headphones,Accessories,S003,Smart Supply Co,5,2500,12500,9,20,11,On Time,Delivered,Low Stock,11,22500
1179,2025-10-07,P007,Headphones,Accessories,S002,Global Electronics,8,2500,20000,19,26,7,On Time,Delivered,Low Stock,7,47500
1180,2025-12-19,P009,Office Chair,Furniture,S005,Reliable Suppliers,20,7000,140000,65,15,12,On Time,Pending,Normal,0,455000
1181,2025-08-12,P007,Headphones,Accessories,S003,Smart Supply Co,5,2500,12500,24,25,12,Delayed,Delivered,Low Stock,1,60000
1182,2025-03-01,P001,Laptop,Electronics,S005,Reliable Suppliers,12,50000,600000,100,15,9,Delayed,Delivered,Normal,0,5000000
1183,2025-05-16,P009,Office Chair,Furniture,S005,Reliable Suppliers,14,7000,98000,29,23,11,Delayed,Cancelled,Normal,0,203000
1184,2025-04-09,P001,Laptop,Electronics,S003,Smart Supply Co,4,50000,200000,95,11,7,On Time,Delivered,Normal,0,4750000
1185,2025-01-24,P007,Headphones,Accessories,S001,Tech Supplier Ltd,14,2500,35000,99,19,5,On Time,Delivered,Normal,0,247500
1186,2025-06-27,P005,Keyboard,Accessories,S003,Smart Supply Co,6,1500,9000,89,29,3,Delayed,Pending,Normal,0,133500
1187,2025-09-27,P003,Tablet,Electronics,S003,Smart Supply Co,1,18000,18000,30,21,12,On Time,Pending,Normal,0,540000
1188,2025-08-27,P004,Monitor,Electronics,S001,Tech Supplier Ltd,15,12000,180000,48,24,2,On Time,Delivered,Normal,0,576000
1189,2025-04-14,P006,Mouse,Accessories,S002,Global Electronics,15,800,12000,60,26,12,Delayed,Delivered,Normal,0,48000
1190,2025-04-11,P004,Monitor,Electronics,S002,Global Electronics,2,12000,24000,40,20,3,On Time,Delivered,Normal,0,480000
1191,2025-05-26,P005,Keyboard,Accessories,S001,Tech Supplier Ltd,9,1500,13500,64,12,4,On Time,Delivered,Normal,0,96000
1192,2025-02-09,P003,Tablet,Electronics,S003,Smart Supply Co,9,18000,162000,67,15,11,Delayed,Delivered,Normal,0,1206000
1193,2025-08-02,P005,Keyboard,Accessories,S002,Global Electronics,5,1500,7500,81,27,9,Delayed,Pending,Normal,0,121500
1194,2025-07-09,P005,Keyboard,Accessories,S003,Smart Supply Co,7,1500,10500,83,13,6,Delayed,Cancelled,Normal,0,124500
1195,2025-07-08,P004,Monitor,Electronics,S003,Smart Supply Co,3,12000,36000,63,26,12,On Time,Delivered,Normal,0,756000
1196,2025-08-27,P007,Headphones,Accessories,S003,Smart Supply Co,8,2500,20000,72,18,8,On Time,Delivered,Normal,0,180000
1197,2025-01-18,P002,Mobile Phone,Electronics,S004,Prime Distributors,6,25000,150000,37,15,7,On Time,Delivered,Normal,0,925000
1198,2025-06-22,P003,Tablet,Electronics,S001,Tech Supplier Ltd,9,18000,162000,36,21,4,Delayed,Cancelled,Normal,0,648000
1199,2025-03-12,P007,Headphones,Accessories,S002,Global Electronics,18,2500,45000,99,11,8,On Time,Delivered,Normal,0,247500
1200,2025-05-13,P006,Mouse,Accessories,S001,Tech Supplier Ltd,1,800,800,64,15,12,On Time,Delivered,Normal,0,51200
1201,2025-07-12,P010,Desk,Furniture,S001,Tech Supplier Ltd,6,10000,60000,46,21,3,On Time,Cancelled,Normal,0,460000
1202,2025-07-24,P009,Office Chair,Furniture,S004,Prime Distributors,9,7000,63000,25,11,6,On Time,Delivered,Normal,0,175000
1203,2025-07-25,P006,Mouse,Accessories,S003,Smart Supply Co,5,800,4000,82,10,10,Delayed,Delivered,Normal,0,65600
1204,2025-08-08,P001,Laptop,Electronics,S005,Reliable Suppliers,9,50000,450000,47,24,6,Delayed,Pending,Normal,0,2350000
1205,2025-09-07,P005,Keyboard,Accessories,S001,Tech Supplier Ltd,18,1500,27000,74,30,4,On Time,Delivered,Normal,0,111000
1206,2025-03-07,P010,Desk,Furniture,S004,Prime Distributors,17,10000,170000,97,24,5,On Time,Delivered,Normal,0,970000
1207,2025-09-28,P007,Headphones,Accessories,S001,Tech Supplier Ltd,19,2500,47500,90,17,5,On Time,Cancelled,Normal,0,225000
1208,2025-06-10,P007,Headphones,Accessories,S003,Smart Supply Co,12,2500,30000,31,27,8,On Time,Delivered,Normal,0,77500
1209,2025-10-14,P002,Mobile Phone,Electronics,S005,Reliable Suppliers,11,25000,275000,27,14,4,On Time,Delivered,Normal,0,675000
1210,2025-03-02,P006,Mouse,Accessories,S001,Tech Supplier Ltd,9,800,7200,93,21,5,On Time,Delivered,Normal,0,74400
1211,2025-09-22,P005,Keyboard,Accessories,S002,Global Electronics,1,1500,1500,97,17,7,On Time,Delivered,Normal,0,145500
1212,2025-09-23,P007,Headphones,Accessories,S001,Tech Supplier Ltd,20,2500,50000,45,15,11,Delayed,Cancelled,Normal,0,112500
1213,2025-08-29,P010,Desk,Furniture,S003,Smart Supply Co,20,10000,200000,68,10,8,On Time,Delivered,Normal,0,680000
1214,2025-05-14,P010,Desk,Furniture,S001,Tech Supplier Ltd,4,10000,40000,79,21,10,Delayed,Cancelled,Normal,0,790000
1215,2025-11-06,P007,Headphones,Accessories,S005,Reliable Suppliers,17,2500,42500,11,18,12,Delayed,Delivered,Low Stock,7,27500
1216,2025-04-15,P010,Desk,Furniture,S005,Reliable Suppliers,19,10000,190000,86,25,4,On Time,Delivered,Normal,0,860000
1217,2025-01-06,P003,Tablet,Electronics,S005,Reliable Suppliers,9,18000,162000,82,20,8,On Time,Pending,Normal,0,1476000
1218,2025-03-05,P005,Keyboard,Accessories,S001,Tech Supplier Ltd,2,1500,3000,97,20,10,On Time,Delivered,Normal,0,145500
1219,2025-02-20,P006,Mouse,Accessories,S004,Prime Distributors,20,800,16000,75,16,11,On Time,Delivered,Normal,0,60000
1220,2025-04-05,P004,Monitor,Electronics,S005,Reliable Suppliers,6,12000,72000,46,22,5,On Time,Delivered,Normal,0,552000
1221,2025-03-30,P005,Keyboard,Accessories,S003,Smart Supply Co,2,1500,3000,87,11,4,On Time,Delivered,Normal,0,130500
1222,2025-12-03,P008,Printer,Office,S005,Reliable Suppliers,19,15000,285000,7,14,7,On Time,Delivered,Low Stock,7,105000
1223,2025-10-13,P005,Keyboard,Accessories,S004,Prime Distributors,11,1500,16500,43,12,2,Delayed,Delivered,Normal,0,64500
1224,2025-08-27,P006,Mouse,Accessories,S005,Reliable Suppliers,6,800,4800,83,27,2,On Time,Delivered,Normal,0,66400
1225,2025-10-11,P005,Keyboard,Accessories,S002,Global Electronics,20,1500,30000,53,27,6,Delayed,Cancelled,Normal,0,79500
1226,2025-10-09,P003,Tablet,Electronics,S005,Reliable Suppliers,13,18000,234000,27,23,8,On Time,Delivered,Normal,0,486000
1227,2025-06-08,P001,Laptop,Electronics,S004,Prime Distributors,5,50000,250000,79,14,5,On Time,Delivered,Normal,0,3950000
1228,2025-01-05,P008,Printer,Office,S005,Reliable Suppliers,15,15000,225000,36,28,3,On Time,Delivered,Normal,0,540000
1229,2025-04-23,P005,Keyboard,Accessories,S003,Smart Supply Co,2,1500,3000,78,19,4,On Time,Cancelled,Normal,0,117000
1230,2025-07-22,P007,Headphones,Accessories,S004,Prime Distributors,18,2500,45000,45,18,11,On Time,Delivered,Normal,0,112500
1231,2025-05-26,P006,Mouse,Accessories,S005,Reliable Suppliers,17,800,13600,30,17,8,On Time,Cancelled,Normal,0,24000
1232,2025-01-25,P003,Tablet,Electronics,S003,Smart Supply Co,4,18000,72000,84,15,6,On Time,Delivered,Normal,0,1512000
1233,2025-08-21,P008,Printer,Office,S002,Global Electronics,18,15000,270000,95,21,4,On Time,Delivered,Normal,0,1425000
1234,2025-01-18,P010,Desk,Furniture,S002,Global Electronics,3,10000,30000,66,30,6,On Time,Cancelled,Normal,0,660000
1235,2025-12-26,P002,Mobile Phone,Electronics,S003,Smart Supply Co,1,25000,25000,8,15,11,Delayed,Cancelled,Low Stock,7,200000
1236,2025-10-11,P004,Monitor,Electronics,S001,Tech Supplier Ltd,9,12000,108000,70,24,10,On Time,Pending,Normal,0,840000
1237,2025-08-23,P001,Laptop,Electronics,S004,Prime Distributors,10,50000,500000,74,29,6,Delayed,Delivered,Normal,0,3700000
1238,2025-06-10,P008,Printer,Office,S003,Smart Supply Co,15,15000,225000,42,13,9,Delayed,Cancelled,Normal,0,630000
1239,2025-02-23,P002,Mobile Phone,Electronics,S004,Prime Distributors,1,25000,25000,28,22,3,Delayed,Delivered,Normal,0,700000
1240,2025-11-09,P006,Mouse,Accessories,S002,Global Electronics,9,800,7200,23,14,3,Delayed,Cancelled,Normal,0,18400
1241,2025-11-07,P002,Mobile Phone,Electronics,S003,Smart Supply Co,16,25000,400000,70,29,5,Delayed,Cancelled,Normal,0,1750000
1242,2025-10-10,P003,Tablet,Electronics,S005,Reliable Suppliers,10,18000,180000,12,21,8,On Time,Delivered,Low Stock,9,216000
1243,2025-07-06,P002,Mobile Phone,Electronics,S004,Prime Distributors,20,25000,500000,44,27,10,On Time,Delivered,Normal,0,1100000
1244,2025-02-02,P006,Mouse,Accessories,S001,Tech Supplier Ltd,16,800,12800,22,22,9,Delayed,Delivered,Normal,0,17600
1245,2025-12-13,P007,Headphones,Accessories,S004,Prime Distributors,12,2500,30000,83,26,9,On Time,Delivered,Normal,0,207500
1246,2025-02-10,P003,Tablet,Electronics,S001,Tech Supplier Ltd,20,18000,360000,11,26,8,On Time,Delivered,Low Stock,15,198000
1247,2025-02-05,P001,Laptop,Electronics,S003,Smart Supply Co,17,50000,850000,77,24,12,On Time,Delivered,Normal,0,3850000
1248,2025-10-12,P008,Printer,Office,S003,Smart Supply Co,8,15000,120000,32,30,8,Delayed,Delivered,Normal,0,480000
1249,2025-02-19,P007,Headphones,Accessories,S005,Reliable Suppliers,14,2500,35000,81,11,2,Delayed,Delivered,Normal,0,202500
1250,2025-11-02,P001,Laptop,Electronics,S003,Smart Supply Co,9,50000,450000,68,29,12,Delayed,Pending,Normal,0,3400000
1251,2025-01-02,P004,Monitor,Electronics,S001,Tech Supplier Ltd,10,12000,120000,85,23,7,Delayed,Cancelled,Normal,0,1020000
1252,2025-08-09,P005,Keyboard,Accessories,S003,Smart Supply Co,11,1500,16500,65,14,3,On Time,Cancelled,Normal,0,97500
1253,2025-07-28,P008,Printer,Office,S002,Global Electronics,18,15000,270000,46,11,10,Delayed,Delivered,Normal,0,690000
1254,2025-09-27,P009,Office Chair,Furniture,S005,Reliable Suppliers,13,7000,91000,77,27,2,On Time,Pending,Normal,0,539000
1255,2025-08-12,P010,Desk,Furniture,S003,Smart Supply Co,16,10000,160000,39,27,5,On Time,Delivered,Normal,0,390000
1256,2025-10-11,P005,Keyboard,Accessories,S001,Tech Supplier Ltd,18,1500,27000,24,16,2,On Time,Pending,Normal,0,36000
1257,2025-10-15,P008,Printer,Office,S005,Reliable Suppliers,4,15000,60000,82,23,9,Delayed,Delivered,Normal,0,1230000
1258,2025-03-16,P004,Monitor,Electronics,S004,Prime Distributors,20,12000,240000,36,24,10,Delayed,Cancelled,Normal,0,432000
1259,2025-03-23,P009,Office Chair,Furniture,S003,Smart Supply Co,1,7000,7000,15,24,11,On Time,Cancelled,Low Stock,9,105000
1260,2025-05-11,P007,Headphones,Accessories,S005,Reliable Suppliers,5,2500,12500,45,17,10,Delayed,Pending,Normal,0,112500
1261,2025-06-18,P010,Desk,Furniture,S001,Tech Supplier Ltd,12,10000,120000,94,13,11,Delayed,Delivered,Normal,0,940000
1262,2025-03-07,P010,Desk,Furniture,S002,Global Electronics,14,10000,140000,33,10,4,On Time,Delivered,Normal,0,330000
1263,2025-11-03,P001,Laptop,Electronics,S003,Smart Supply Co,18,50000,900000,55,29,2,Delayed,Delivered,Normal,0,2750000
1264,2025-07-03,P007,Headphones,Accessories,S005,Reliable Suppliers,18,2500,45000,88,26,12,On Time,Cancelled,Normal,0,220000
1265,2025-04-28,P005,Keyboard,Accessories,S003,Smart Supply Co,17,1500,25500,85,11,4,Delayed,Delivered,Normal,0,127500
1266,2025-05-19,P003,Tablet,Electronics,S003,Smart Supply Co,8,18000,144000,24,20,11,Delayed,Pending,Normal,0,432000
1267,2025-12-28,P005,Keyboard,Accessories,S004,Prime Distributors,3,1500,4500,28,14,11,On Time,Delivered,Normal,0,42000
1268,2025-12-02,P001,Laptop,Electronics,S001,Tech Supplier Ltd,16,50000,800000,60,15,2,Delayed,Delivered,Normal,0,3000000
1269,2025-03-04,P010,Desk,Furniture,S004,Prime Distributors,7,10000,70000,75,20,5,On Time,Delivered,Normal,0,750000
1270,2025-09-24,P004,Monitor,Electronics,S001,Tech Supplier Ltd,7,12000,84000,94,18,11,On Time,Pending,Normal,0,1128000
1271,2025-01-18,P005,Keyboard,Accessories,S003,Smart Supply Co,13,1500,19500,19,13,11,Delayed,Delivered,Normal,0,28500
1272,2025-06-11,P010,Desk,Furniture,S002,Global Electronics,12,10000,120000,57,29,5,On Time,Cancelled,Normal,0,570000
1273,2025-09-08,P007,Headphones,Accessories,S002,Global Electronics,7,2500,17500,17,24,7,On Time,Delivered,Low Stock,7,42500
1274,2025-05-17,P008,Printer,Office,S001,Tech Supplier Ltd,20,15000,300000,44,24,11,Delayed,Pending,Normal,0,660000
1275,2025-10-12,P006,Mouse,Accessories,S005,Reliable Suppliers,7,800,5600,100,10,8,On Time,Cancelled,Normal,0,80000
1276,2025-01-20,P002,Mobile Phone,Electronics,S001,Tech Supplier Ltd,18,25000,450000,95,30,9,On Time,Delivered,Normal,0,2375000
1277,2025-05-06,P008,Printer,Office,S004,Prime Distributors,6,15000,90000,13,15,6,On Time,Cancelled,Low Stock,2,195000
1278,2025-02-25,P010,Desk,Furniture,S005,Reliable Suppliers,4,10000,40000,29,26,3,On Time,Pending,Normal,0,290000
1279,2025-01-30,P002,Mobile Phone,Electronics,S001,Tech Supplier Ltd,6,25000,150000,10,17,8,On Time,Cancelled,Low Stock,7,250000
1280,2025-04-24,P007,Headphones,Accessories,S001,Tech Supplier Ltd,20,2500,50000,49,12,11,Delayed,Delivered,Normal,0,122500
1281,2025-06-20,P007,Headphones,Accessories,S005,Reliable Suppliers,17,2500,42500,99,25,9,On Time,Delivered,Normal,0,247500
1282,2025-08-24,P009,Office Chair,Furniture,S001,Tech Supplier Ltd,6,7000,42000,31,25,5,On Time,Delivered,Normal,0,217000
1283,2025-09-11,P001,Laptop,Electronics,S001,Tech Supplier Ltd,12,50000,600000,9,24,12,On Time,Pending,Low Stock,15,450000
1284,2025-03-05,P007,Headphones,Accessories,S004,Prime Distributors,17,2500,42500,31,18,4,On Time,Delivered,Normal,0,77500
1285,2025-10-09,P001,Laptop,Electronics,S005,Reliable Suppliers,9,50000,450000,84,25,7,On Time,Delivered,Normal,0,4200000
1286,2025-06-29,P002,Mobile Phone,Electronics,S004,Prime Distributors,20,25000,500000,56,22,6,On Time,Delivered,Normal,0,1400000
1287,2025-10-01,P008,Printer,Office,S005,Reliable Suppliers,16,15000,240000,99,18,7,On Time,Pending,Normal,0,1485000
1288,2025-04-03,P003,Tablet,Electronics,S005,Reliable Suppliers,15,18000,270000,40,16,2,Delayed,Cancelled,Normal,0,720000
1289,2025-04-10,P008,Printer,Office,S003,Smart Supply Co,15,15000,225000,68,25,7,On Time,Delivered,Normal,0,1020000
1290,2025-12-17,P003,Tablet,Electronics,S002,Global Electronics,4,18000,72000,14,11,8,On Time,Delivered,Normal,0,252000
1291,2025-11-23,P002,Mobile Phone,Electronics,S001,Tech Supplier Ltd,19,25000,475000,32,11,5,Delayed,Pending,Normal,0,800000
1292,2025-01-25,P007,Headphones,Accessories,S004,Prime Distributors,4,2500,10000,93,26,5,On Time,Delivered,Normal,0,232500
1293,2025-02-14,P003,Tablet,Electronics,S004,Prime Distributors,17,18000,306000,62,22,4,On Time,Pending,Normal,0,1116000
1294,2025-05-12,P004,Monitor,Electronics,S002,Global Electronics,11,12000,132000,58,22,11,On Time,Delivered,Normal,0,696000
1295,2025-08-01,P006,Mouse,Accessories,S003,Smart Supply Co,14,800,11200,92,10,8,On Time,Delivered,Normal,0,73600
1296,2025-12-09,P007,Headphones,Accessories,S005,Reliable Suppliers,13,2500,32500,36,11,8,Delayed,Delivered,Normal,0,90000
1297,2025-03-02,P007,Headphones,Accessories,S004,Prime Distributors,8,2500,20000,28,18,11,On Time,Delivered,Normal,0,70000
1298,2025-03-19,P001,Laptop,Electronics,S002,Global Electronics,17,50000,850000,25,14,8,On Time,Delivered,Normal,0,1250000
1299,2025-09-22,P002,Mobile Phone,Electronics,S004,Prime Distributors,3,25000,75000,13,24,10,Delayed,Delivered,Low Stock,11,325000
1300,2025-03-04,P005,Keyboard,Accessories,S001,Tech Supplier Ltd,15,1500,22500,56,21,7,On Time,Cancelled,Normal,0,84000
1301,2025-10-25,P008,Printer,Office,S003,Smart Supply Co,20,15000,300000,46,30,8,Delayed,Delivered,Normal,0,690000
1302,2025-01-12,P010,Desk,Furniture,S001,Tech Supplier Ltd,14,10000,140000,42,18,12,Delayed,Cancelled,Normal,0,420000
1303,2025-06-10,P007,Headphones,Accessories,S003,Smart Supply Co,16,2500,40000,98,28,2,On Time,Delivered,Normal,0,245000
1304,2025-10-16,P004,Monitor,Electronics,S002,Global Electronics,12,12000,144000,62,28,8,On Time,Delivered,Normal,0,744000
1305,2025-02-16,P007,Headphones,Accessories,S001,Tech Supplier Ltd,3,2500,7500,74,20,3,On Time,Delivered,Normal,0,185000
1306,2025-05-15,P006,Mouse,Accessories,S003,Smart Supply Co,6,800,4800,78,20,4,On Time,Pending,Normal,0,62400
1307,2025-07-10,P007,Headphones,Accessories,S001,Tech Supplier Ltd,1,2500,2500,33,23,5,Delayed,Delivered,Normal,0,82500
1308,2025-12-18,P008,Printer,Office,S002,Global Electronics,2,15000,30000,32,14,9,On Time,Pending,Normal,0,480000
1309,2025-09-13,P010,Desk,Furniture,S002,Global Electronics,1,10000,10000,61,13,2,Delayed,Delivered,Normal,0,610000
1310,2025-10-01,P007,Headphones,Accessories,S004,Prime Distributors,4,2500,10000,5,29,5,On Time,Delivered,Low Stock,24,12500
1311,2025-04-14,P008,Printer,Office,S001,Tech Supplier Ltd,13,15000,195000,89,30,4,On Time,Delivered,Normal,0,1335000
1312,2025-06-14,P002,Mobile Phone,Electronics,S005,Reliable Suppliers,14,25000,350000,96,13,7,Delayed,Delivered,Normal,0,2400000
1313,2025-08-09,P006,Mouse,Accessories,S001,Tech Supplier Ltd,16,800,12800,89,25,7,On Time,Cancelled,Normal,0,71200
1314,2025-07-12,P003,Tablet,Electronics,S001,Tech Supplier Ltd,18,18000,324000,97,23,4,Delayed,Pending,Normal,0,1746000
1315,2025-09-10,P003,Tablet,Electronics,S005,Reliable Suppliers,5,18000,90000,84,16,2,On Time,Delivered,Normal,0,1512000
1316,2025-03-17,P010,Desk,Furniture,S003,Smart Supply Co,12,10000,120000,5,29,5,On Time,Delivered,Low Stock,24,50000
1317,2025-07-07,P001,Laptop,Electronics,S005,Reliable Suppliers,12,50000,600000,6,22,10,On Time,Cancelled,Low Stock,16,300000
1318,2025-05-08,P010,Desk,Furniture,S002,Global Electronics,11,10000,110000,71,26,9,Delayed,Delivered,Normal,0,710000
1319,2025-10-18,P007,Headphones,Accessories,S002,Global Electronics,5,2500,12500,31,23,3,On Time,Pending,Normal,0,77500
1320,2025-10-21,P008,Printer,Office,S003,Smart Supply Co,1,15000,15000,70,14,12,Delayed,Delivered,Normal,0,1050000
1321,2025-01-06,P010,Desk,Furniture,S005,Reliable Suppliers,12,10000,120000,69,27,9,Delayed,Cancelled,Normal,0,690000
1322,2025-07-04,P005,Keyboard,Accessories,S001,Tech Supplier Ltd,12,1500,18000,57,16,11,Delayed,Delivered,Normal,0,85500
1323,2025-10-22,P006,Mouse,Accessories,S001,Tech Supplier Ltd,15,800,12000,50,29,2,On Time,Delivered,Normal,0,40000
1324,2025-03-31,P005,Keyboard,Accessories,S004,Prime Distributors,13,1500,19500,34,18,10,Delayed,Delivered,Normal,0,51000
1325,2025-05-20,P002,Mobile Phone,Electronics,S002,Global Electronics,15,25000,375000,94,26,2,On Time,Delivered,Normal,0,2350000
1326,2025-06-25,P003,Tablet,Electronics,S001,Tech Supplier Ltd,10,18000,180000,38,23,7,Delayed,Cancelled,Normal,0,684000
1327,2025-09-07,P005,Keyboard,Accessories,S005,Reliable Suppliers,3,1500,4500,11,16,7,On Time,Cancelled,Low Stock,5,16500
1328,2025-09-20,P001,Laptop,Electronics,S001,Tech Supplier Ltd,20,50000,1000000,17,21,11,Delayed,Pending,Low Stock,4,850000
1329,2025-12-30,P007,Headphones,Accessories,S002,Global Electronics,8,2500,20000,72,16,4,Delayed,Delivered,Normal,0,180000
1330,2025-05-20,P006,Mouse,Accessories,S004,Prime Distributors,4,800,3200,54,25,3,Delayed,Delivered,Normal,0,43200
1331,2025-04-04,P001,Laptop,Electronics,S003,Smart Supply Co,19,50000,950000,93,12,6,Delayed,Cancelled,Normal,0,4650000
1332,2025-11-06,P001,Laptop,Electronics,S001,Tech Supplier Ltd,19,50000,950000,83,22,4,On Time,Delivered,Normal,0,4150000
1333,2025-07-10,P010,Desk,Furniture,S002,Global Electronics,15,10000,150000,45,30,11,On Time,Cancelled,Normal,0,450000
1334,2025-02-26,P003,Tablet,Electronics,S002,Global Electronics,17,18000,306000,20,10,9,Delayed,Cancelled,Normal,0,360000
1335,2025-05-17,P006,Mouse,Accessories,S001,Tech Supplier Ltd,6,800,4800,69,17,2,Delayed,Delivered,Normal,0,55200
1336,2025-06-05,P005,Keyboard,Accessories,S002,Global Electronics,11,1500,16500,41,19,12,Delayed,Pending,Normal,0,61500
1337,2025-02-15,P003,Tablet,Electronics,S002,Global Electronics,5,18000,90000,20,30,8,On Time,Pending,Low Stock,10,360000
1338,2025-08-24,P008,Printer,Office,S003,Smart Supply Co,17,15000,255000,83,15,11,On Time,Delivered,Normal,0,1245000
1339,2025-03-27,P004,Monitor,Electronics,S004,Prime Distributors,6,12000,72000,68,12,12,On Time,Delivered,Normal,0,816000
1340,2025-07-01,P008,Printer,Office,S002,Global Electronics,7,15000,105000,38,13,12,On Time,Delivered,Normal,0,570000
1341,2025-01-17,P006,Mouse,Accessories,S003,Smart Supply Co,14,800,11200,47,27,5,Delayed,Delivered,Normal,0,37600
1342,2025-04-09,P003,Tablet,Electronics,S002,Global Electronics,14,18000,252000,70,16,11,On Time,Delivered,Normal,0,1260000
1343,2025-01-03,P002,Mobile Phone,Electronics,S001,Tech Supplier Ltd,11,25000,275000,75,15,7,On Time,Cancelled,Normal,0,1875000
1344,2025-02-05,P010,Desk,Furniture,S003,Smart Supply Co,19,10000,190000,6,18,8,Delayed,Delivered,Low Stock,12,60000
1345,2025-04-02,P001,Laptop,Electronics,S005,Reliable Suppliers,15,50000,750000,14,17,12,Delayed,Cancelled,Low Stock,3,700000
1346,2025-07-30,P010,Desk,Furniture,S003,Smart Supply Co,3,10000,30000,17,12,2,Delayed,Pending,Normal,0,170000
1347,2025-11-25,P002,Mobile Phone,Electronics,S001,Tech Supplier Ltd,5,25000,125000,64,19,6,On Time,Delivered,Normal,0,1600000
1348,2025-04-28,P004,Monitor,Electronics,S004,Prime Distributors,20,12000,240000,95,18,10,Delayed,Delivered,Normal,0,1140000
1349,2025-08-21,P003,Tablet,Electronics,S004,Prime Distributors,15,18000,270000,65,23,10,On Time,Cancelled,Normal,0,1170000
1350,2025-06-27,P007,Headphones,Accessories,S004,Prime Distributors,4,2500,10000,35,22,5,On Time,Delivered,Normal,0,87500
1351,2025-12-30,P008,Printer,Office,S003,Smart Supply Co,10,15000,150000,24,12,2,On Time,Pending,Normal,0,360000
1352,2025-06-02,P002,Mobile Phone,Electronics,S001,Tech Supplier Ltd,3,25000,75000,51,10,3,Delayed,Delivered,Normal,0,1275000
1353,2025-10-15,P002,Mobile Phone,Electronics,S002,Global Electronics,4,25000,100000,68,26,5,On Time,Delivered,Normal,0,1700000
1354,2025-01-21,P009,Office Chair,Furniture,S005,Reliable Suppliers,19,7000,133000,21,24,4,Delayed,Delivered,Low Stock,3,147000
1355,2025-06-20,P008,Printer,Office,S003,Smart Supply Co,9,15000,135000,65,20,7,On Time,Delivered,Normal,0,975000
1356,2025-01-29,P007,Headphones,Accessories,S004,Prime Distributors,16,2500,40000,75,19,5,Delayed,Delivered,Normal,0,187500
1357,2025-04-19,P003,Tablet,Electronics,S001,Tech Supplier Ltd,17,18000,306000,86,16,5,On Time,Delivered,Normal,0,1548000
1358,2025-09-19,P005,Keyboard,Accessories,S002,Global Electronics,4,1500,6000,67,16,5,On Time,Cancelled,Normal,0,100500
1359,2025-03-28,P002,Mobile Phone,Electronics,S003,Smart Supply Co,2,25000,50000,48,28,7,On Time,Delivered,Normal,0,1200000
1360,2025-01-29,P004,Monitor,Electronics,S005,Reliable Suppliers,1,12000,12000,32,17,8,Delayed,Delivered,Normal,0,384000
1361,2025-07-11,P009,Office Chair,Furniture,S001,Tech Supplier Ltd,16,7000,112000,69,17,10,On Time,Delivered,Normal,0,483000
1362,2025-02-20,P005,Keyboard,Accessories,S005,Reliable Suppliers,10,1500,15000,89,14,10,On Time,Delivered,Normal,0,133500
1363,2025-06-24,P010,Desk,Furniture,S005,Reliable Suppliers,1,10000,10000,5,22,2,Delayed,Delivered,Low Stock,17,50000
1364,2025-12-02,P001,Laptop,Electronics,S004,Prime Distributors,7,50000,350000,9,11,8,On Time,Delivered,Low Stock,2,450000
1365,2025-12-03,P006,Mouse,Accessories,S002,Global Electronics,2,800,1600,65,10,8,Delayed,Delivered,Normal,0,52000
1366,2025-05-25,P004,Monitor,Electronics,S005,Reliable Suppliers,9,12000,108000,28,28,8,On Time,Delivered,Normal,0,336000
1367,2025-11-29,P002,Mobile Phone,Electronics,S004,Prime Distributors,13,25000,325000,56,20,7,Delayed,Delivered,Normal,0,1400000
1368,2025-04-12,P003,Tablet,Electronics,S001,Tech Supplier Ltd,3,18000,54000,8,23,4,Delayed,Delivered,Low Stock,15,144000
1369,2025-02-12,P007,Headphones,Accessories,S001,Tech Supplier Ltd,15,2500,37500,52,23,2,Delayed,Delivered,Normal,0,130000
1370,2025-07-07,P003,Tablet,Electronics,S001,Tech Supplier Ltd,18,18000,324000,74,20,6,On Time,Delivered,Normal,0,1332000
1371,2025-08-29,P001,Laptop,Electronics,S003,Smart Supply Co,8,50000,400000,88,11,6,On Time,Cancelled,Normal,0,4400000
1372,2025-07-16,P006,Mouse,Accessories,S001,Tech Supplier Ltd,2,800,1600,74,22,3,On Time,Delivered,Normal,0,59200
1373,2025-04-15,P001,Laptop,Electronics,S003,Smart Supply Co,14,50000,700000,27,20,7,On Time,Delivered,Normal,0,1350000
1374,2025-03-18,P009,Office Chair,Furniture,S001,Tech Supplier Ltd,20,7000,140000,76,24,2,On Time,Delivered,Normal,0,532000
1375,2025-04-15,P010,Desk,Furniture,S003,Smart Supply Co,4,10000,40000,67,27,5,Delayed,Cancelled,Normal,0,670000
1376,2025-12-30,P003,Tablet,Electronics,S001,Tech Supplier Ltd,1,18000,18000,11,30,8,On Time,Delivered,Low Stock,19,198000
1377,2025-07-29,P005,Keyboard,Accessories,S001,Tech Supplier Ltd,19,1500,28500,36,12,11,On Time,Delivered,Normal,0,54000
1378,2025-01-31,P009,Office Chair,Furniture,S001,Tech Supplier Ltd,12,7000,84000,51,10,11,On Time,Delivered,Normal,0,357000
1379,2025-01-25,P009,Office Chair,Furniture,S005,Reliable Suppliers,16,7000,112000,26,22,9,On Time,Pending,Normal,0,182000
1380,2025-10-07,P004,Monitor,Electronics,S004,Prime Distributors,1,12000,12000,25,27,8,Delayed,Delivered,Low Stock,2,300000
1381,2025-12-26,P005,Keyboard,Accessories,S003,Smart Supply Co,3,1500,4500,50,20,12,On Time,Delivered,Normal,0,75000
1382,2025-05-24,P004,Monitor,Electronics,S003,Smart Supply Co,9,12000,108000,31,11,12,On Time,Delivered,Normal,0,372000
1383,2025-10-19,P001,Laptop,Electronics,S005,Reliable Suppliers,17,50000,850000,92,24,3,On Time,Delivered,Normal,0,4600000
1384,2025-12-30,P001,Laptop,Electronics,S005,Reliable Suppliers,19,50000,950000,52,27,10,Delayed,Delivered,Normal,0,2600000
1385,2025-10-24,P001,Laptop,Electronics,S001,Tech Supplier Ltd,1,50000,50000,48,24,9,On Time,Delivered,Normal,0,2400000
1386,2025-12-25,P004,Monitor,Electronics,S001,Tech Supplier Ltd,9,12000,108000,33,19,6,Delayed,Pending,Normal,0,396000
1387,2025-03-22,P002,Mobile Phone,Electronics,S002,Global Electronics,19,25000,475000,67,18,6,Delayed,Delivered,Normal,0,1675000
1388,2025-04-26,P007,Headphones,Accessories,S003,Smart Supply Co,3,2500,7500,70,20,7,On Time,Delivered,Normal,0,175000
1389,2025-08-20,P008,Printer,Office,S001,Tech Supplier Ltd,3,15000,45000,41,10,5,Delayed,Pending,Normal,0,615000
1390,2025-01-28,P006,Mouse,Accessories,S004,Prime Distributors,17,800,13600,7,30,11,On Time,Delivered,Low Stock,23,5600
1391,2025-01-10,P008,Printer,Office,S001,Tech Supplier Ltd,1,15000,15000,78,13,11,On Time,Delivered,Normal,0,1170000
1392,2025-12-16,P006,Mouse,Accessories,S004,Prime Distributors,6,800,4800,82,20,6,On Time,Pending,Normal,0,65600
1393,2025-01-11,P008,Printer,Office,S003,Smart Supply Co,6,15000,90000,98,17,6,On Time,Pending,Normal,0,1470000
1394,2025-04-15,P002,Mobile Phone,Electronics,S003,Smart Supply Co,13,25000,325000,39,15,7,On Time,Delivered,Normal,0,975000
1395,2025-08-04,P007,Headphones,Accessories,S003,Smart Supply Co,3,2500,7500,65,23,4,On Time,Pending,Normal,0,162500
1396,2025-08-23,P006,Mouse,Accessories,S001,Tech Supplier Ltd,10,800,8000,23,27,9,On Time,Pending,Low Stock,4,18400
1397,2025-01-21,P002,Mobile Phone,Electronics,S004,Prime Distributors,5,25000,125000,66,28,10,Delayed,Cancelled,Normal,0,1650000
1398,2025-05-19,P009,Office Chair,Furniture,S001,Tech Supplier Ltd,6,7000,42000,44,17,12,Delayed,Delivered,Normal,0,308000
1399,2025-10-08,P001,Laptop,Electronics,S005,Reliable Suppliers,12,50000,600000,51,20,2,On Time,Cancelled,Normal,0,2550000
1400,2025-07-17,P001,Laptop,Electronics,S005,Reliable Suppliers,17,50000,850000,53,29,11,On Time,Pending,Normal,0,2650000
1401,2025-05-20,P009,Office Chair,Furniture,S002,Global Electronics,17,7000,119000,97,24,6,Delayed,Delivered,Normal,0,679000
1402,2025-09-24,P001,Laptop,Electronics,S004,Prime Distributors,17,50000,850000,11,21,2,Delayed,Delivered,Low Stock,10,550000
1403,2025-11-18,P002,Mobile Phone,Electronics,S001,Tech Supplier Ltd,14,25000,350000,70,21,9,Delayed,Delivered,Normal,0,1750000
1404,2025-09-23,P003,Tablet,Electronics,S003,Smart Supply Co,15,18000,270000,18,26,12,On Time,Delivered,Low Stock,8,324000
1405,2025-06-17,P002,Mobile Phone,Electronics,S002,Global Electronics,4,25000,100000,50,16,2,On Time,Delivered,Normal,0,1250000
1406,2025-06-25,P007,Headphones,Accessories,S004,Prime Distributors,3,2500,7500,97,21,11,Delayed,Cancelled,Normal,0,242500
1407,2025-12-18,P002,Mobile Phone,Electronics,S003,Smart Supply Co,13,25000,325000,27,12,11,On Time,Pending,Normal,0,675000
1408,2025-08-22,P001,Laptop,Electronics,S002,Global Electronics,20,50000,1000000,76,24,2,On Time,Cancelled,Normal,0,3800000
1409,2025-01-18,P005,Keyboard,Accessories,S003,Smart Supply Co,18,1500,27000,80,14,8,Delayed,Delivered,Normal,0,120000
1410,2025-07-03,P002,Mobile Phone,Electronics,S002,Global Electronics,10,25000,250000,45,16,4,On Time,Cancelled,Normal,0,1125000
1411,2025-01-01,P010,Desk,Furniture,S005,Reliable Suppliers,9,10000,90000,71,16,12,On Time,Delivered,Normal,0,710000
1412,2025-11-08,P004,Monitor,Electronics,S001,Tech Supplier Ltd,15,12000,180000,40,22,5,Delayed,Delivered,Normal,0,480000
1413,2025-11-23,P009,Office Chair,Furniture,S004,Prime Distributors,3,7000,21000,50,18,9,Delayed,Delivered,Normal,0,350000
1414,2025-07-27,P005,Keyboard,Accessories,S002,Global Electronics,8,1500,12000,71,17,12,On Time,Cancelled,Normal,0,106500
1415,2025-10-05,P002,Mobile Phone,Electronics,S004,Prime Distributors,1,25000,25000,10,27,12,On Time,Delivered,Low Stock,17,250000
1416,2025-10-01,P001,Laptop,Electronics,S002,Global Electronics,16,50000,800000,65,27,4,On Time,Delivered,Normal,0,3250000
1417,2025-10-14,P003,Tablet,Electronics,S002,Global Electronics,5,18000,90000,87,17,2,On Time,Pending,Normal,0,1566000
1418,2025-02-02,P004,Monitor,Electronics,S001,Tech Supplier Ltd,13,12000,156000,82,28,10,Delayed,Delivered,Normal,0,984000
1419,2025-02-10,P004,Monitor,Electronics,S002,Global Electronics,17,12000,204000,40,10,12,Delayed,Cancelled,Normal,0,480000
1420,2025-03-02,P006,Mouse,Accessories,S002,Global Electronics,15,800,12000,70,28,3,On Time,Pending,Normal,0,56000
1421,2025-07-13,P003,Tablet,Electronics,S002,Global Electronics,8,18000,144000,66,27,9,Delayed,Delivered,Normal,0,1188000
1422,2025-11-08,P001,Laptop,Electronics,S004,Prime Distributors,7,50000,350000,11,26,4,Delayed,Delivered,Low Stock,15,550000
1423,2025-11-25,P005,Keyboard,Accessories,S003,Smart Supply Co,3,1500,4500,9,30,10,Delayed,Delivered,Low Stock,21,13500
1424,2025-06-11,P008,Printer,Office,S003,Smart Supply Co,14,15000,210000,50,10,11,Delayed,Delivered,Normal,0,750000
1425,2025-05-11,P005,Keyboard,Accessories,S005,Reliable Suppliers,1,1500,1500,83,15,9,On Time,Cancelled,Normal,0,124500
1426,2025-03-28,P001,Laptop,Electronics,S003,Smart Supply Co,18,50000,900000,84,24,4,Delayed,Delivered,Normal,0,4200000
1427,2025-07-16,P008,Printer,Office,S004,Prime Distributors,3,15000,45000,71,23,8,Delayed,Delivered,Normal,0,1065000
1428,2025-07-13,P005,Keyboard,Accessories,S004,Prime Distributors,15,1500,22500,85,10,7,Delayed,Pending,Normal,0,127500
1429,2025-01-21,P010,Desk,Furniture,S005,Reliable Suppliers,5,10000,50000,73,12,11,Delayed,Cancelled,Normal,0,730000
1430,2025-01-15,P004,Monitor,Electronics,S005,Reliable Suppliers,11,12000,132000,89,12,10,On Time,Cancelled,Normal,0,1068000
1431,2025-11-03,P007,Headphones,Accessories,S002,Global Electronics,6,2500,15000,23,12,6,Delayed,Delivered,Normal,0,57500
1432,2025-10-13,P009,Office Chair,Furniture,S002,Global Electronics,14,7000,98000,63,12,9,On Time,Delivered,Normal,0,441000
1433,2025-09-05,P002,Mobile Phone,Electronics,S005,Reliable Suppliers,11,25000,275000,67,14,4,Delayed,Cancelled,Normal,0,1675000
1434,2025-05-09,P004,Monitor,Electronics,S005,Reliable Suppliers,7,12000,84000,10,17,2,On Time,Delivered,Low Stock,7,120000
1435,2025-01-23,P005,Keyboard,Accessories,S001,Tech Supplier Ltd,12,1500,18000,13,26,9,On Time,Delivered,Low Stock,13,19500
1436,2025-09-25,P009,Office Chair,Furniture,S002,Global Electronics,10,7000,70000,20,26,10,Delayed,Delivered,Low Stock,6,140000
1437,2025-05-16,P006,Mouse,Accessories,S005,Reliable Suppliers,12,800,9600,31,22,12,On Time,Delivered,Normal,0,24800
1438,2025-01-29,P010,Desk,Furniture,S002,Global Electronics,20,10000,200000,80,27,10,On Time,Pending,Normal,0,800000
1439,2025-04-30,P003,Tablet,Electronics,S004,Prime Distributors,7,18000,126000,51,11,9,On Time,Delivered,Normal,0,918000
1440,2025-02-24,P008,Printer,Office,S002,Global Electronics,10,15000,150000,50,15,7,Delayed,Pending,Normal,0,750000
1441,2025-03-19,P008,Printer,Office,S004,Prime Distributors,8,15000,120000,20,21,8,On Time,Pending,Low Stock,1,300000
1442,2025-04-30,P010,Desk,Furniture,S001,Tech Supplier Ltd,16,10000,160000,23,25,9,Delayed,Cancelled,Low Stock,2,230000
1443,2025-10-28,P002,Mobile Phone,Electronics,S005,Reliable Suppliers,10,25000,250000,70,28,8,On Time,Cancelled,Normal,0,1750000
1444,2025-10-09,P005,Keyboard,Accessories,S001,Tech Supplier Ltd,17,1500,25500,25,30,2,On Time,Delivered,Low Stock,5,37500
1445,2025-12-19,P001,Laptop,Electronics,S002,Global Electronics,8,50000,400000,90,26,10,On Time,Cancelled,Normal,0,4500000
1446,2025-12-09,P001,Laptop,Electronics,S003,Smart Supply Co,17,50000,850000,40,19,6,Delayed,Delivered,Normal,0,2000000
1447,2025-07-24,P004,Monitor,Electronics,S002,Global Electronics,17,12000,204000,30,26,5,On Time,Delivered,Normal,0,360000
1448,2025-06-07,P009,Office Chair,Furniture,S003,Smart Supply Co,20,7000,140000,7,16,8,Delayed,Cancelled,Low Stock,9,49000
1449,2025-11-16,P002,Mobile Phone,Electronics,S003,Smart Supply Co,11,25000,275000,27,17,8,On Time,Delivered,Normal,0,675000
1450,2025-12-05,P002,Mobile Phone,Electronics,S005,Reliable Suppliers,20,25000,500000,77,21,4,On Time,Delivered,Normal,0,1925000
1451,2025-12-21,P003,Tablet,Electronics,S003,Smart Supply Co,15,18000,270000,74,28,4,Delayed,Cancelled,Normal,0,1332000
1452,2025-08-02,P001,Laptop,Electronics,S001,Tech Supplier Ltd,19,50000,950000,77,29,9,On Time,Cancelled,Normal,0,3850000
1453,2025-11-06,P002,Mobile Phone,Electronics,S005,Reliable Suppliers,11,25000,275000,95,11,10,On Time,Delivered,Normal,0,2375000
1454,2025-03-10,P006,Mouse,Accessories,S004,Prime Distributors,10,800,8000,96,29,11,On Time,Delivered,Normal,0,76800
1455,2025-05-28,P003,Tablet,Electronics,S003,Smart Supply Co,20,18000,360000,32,18,10,Delayed,Cancelled,Normal,0,576000
1456,2025-09-09,P009,Office Chair,Furniture,S004,Prime Distributors,10,7000,70000,54,23,10,On Time,Delivered,Normal,0,378000
1457,2025-09-07,P007,Headphones,Accessories,S004,Prime Distributors,14,2500,35000,85,29,4,On Time,Delivered,Normal,0,212500
1458,2025-05-18,P001,Laptop,Electronics,S001,Tech Supplier Ltd,17,50000,850000,33,22,5,On Time,Delivered,Normal,0,1650000
1459,2025-07-08,P002,Mobile Phone,Electronics,S005,Reliable Suppliers,4,25000,100000,68,17,7,On Time,Delivered,Normal,0,1700000
1460,2025-11-27,P009,Office Chair,Furniture,S002,Global Electronics,19,7000,133000,15,22,11,Delayed,Pending,Low Stock,7,105000
1461,2025-01-19,P003,Tablet,Electronics,S002,Global Electronics,20,18000,360000,52,14,12,On Time,Delivered,Normal,0,936000
1462,2025-05-13,P002,Mobile Phone,Electronics,S005,Reliable Suppliers,2,25000,50000,28,30,10,On Time,Delivered,Low Stock,2,700000
1463,2025-03-02,P010,Desk,Furniture,S002,Global Electronics,4,10000,40000,62,28,6,On Time,Pending,Normal,0,620000
1464,2025-10-04,P008,Printer,Office,S003,Smart Supply Co,2,15000,30000,54,15,4,On Time,Pending,Normal,0,810000
1465,2025-01-12,P009,Office Chair,Furniture,S001,Tech Supplier Ltd,9,7000,63000,60,13,5,Delayed,Pending,Normal,0,420000
1466,2025-01-28,P010,Desk,Furniture,S003,Smart Supply Co,19,10000,190000,62,22,6,On Time,Cancelled,Normal,0,620000
1467,2025-10-18,P005,Keyboard,Accessories,S004,Prime Distributors,16,1500,24000,12,13,5,Delayed,Delivered,Low Stock,1,18000
1468,2025-07-04,P008,Printer,Office,S005,Reliable Suppliers,19,15000,285000,6,16,4,On Time,Cancelled,Low Stock,10,90000
1469,2025-10-22,P003,Tablet,Electronics,S005,Reliable Suppliers,1,18000,18000,66,22,9,Delayed,Delivered,Normal,0,1188000
1470,2025-04-07,P006,Mouse,Accessories,S004,Prime Distributors,16,800,12800,87,21,3,On Time,Pending,Normal,0,69600
1471,2025-04-24,P007,Headphones,Accessories,S003,Smart Supply Co,17,2500,42500,40,18,9,Delayed,Cancelled,Normal,0,100000
1472,2025-11-13,P001,Laptop,Electronics,S005,Reliable Suppliers,14,50000,700000,26,20,8,Delayed,Pending,Normal,0,1300000
1473,2025-06-13,P008,Printer,Office,S002,Global Electronics,8,15000,120000,64,25,7,Delayed,Cancelled,Normal,0,960000
1474,2025-12-18,P010,Desk,Furniture,S001,Tech Supplier Ltd,3,10000,30000,32,16,9,On Time,Delivered,Normal,0,320000
1475,2025-11-24,P009,Office Chair,Furniture,S005,Reliable Suppliers,12,7000,84000,86,29,3,On Time,Cancelled,Normal,0,602000
1476,2025-11-14,P002,Mobile Phone,Electronics,S005,Reliable Suppliers,9,25000,225000,89,16,2,On Time,Cancelled,Normal,0,2225000
1477,2025-11-28,P003,Tablet,Electronics,S002,Global Electronics,10,18000,180000,51,22,11,On Time,Cancelled,Normal,0,918000
1478,2025-07-29,P009,Office Chair,Furniture,S005,Reliable Suppliers,1,7000,7000,93,29,4,On Time,Delivered,Normal,0,651000
1479,2025-09-30,P007,Headphones,Accessories,S005,Reliable Suppliers,5,2500,12500,61,14,12,On Time,Cancelled,Normal,0,152500
1480,2025-11-12,P004,Monitor,Electronics,S002,Global Electronics,11,12000,132000,6,25,5,Delayed,Delivered,Low Stock,19,72000
1481,2025-10-03,P006,Mouse,Accessories,S001,Tech Supplier Ltd,6,800,4800,33,24,5,On Time,Delivered,Normal,0,26400
1482,2025-01-23,P005,Keyboard,Accessories,S002,Global Electronics,16,1500,24000,91,29,8,Delayed,Delivered,Normal,0,136500
1483,2025-08-19,P009,Office Chair,Furniture,S002,Global Electronics,2,7000,14000,91,11,8,Delayed,Pending,Normal,0,637000
1484,2025-06-13,P004,Monitor,Electronics,S005,Reliable Suppliers,1,12000,12000,79,16,8,On Time,Delivered,Normal,0,948000
1485,2025-04-04,P009,Office Chair,Furniture,S004,Prime Distributors,18,7000,126000,28,30,2,On Time,Delivered,Low Stock,2,196000
1486,2025-11-29,P006,Mouse,Accessories,S004,Prime Distributors,4,800,3200,9,18,3,Delayed,Pending,Low Stock,9,7200
1487,2025-01-18,P006,Mouse,Accessories,S002,Global Electronics,5,800,4000,89,11,6,Delayed,Delivered,Normal,0,71200
1488,2025-05-27,P007,Headphones,Accessories,S004,Prime Distributors,5,2500,12500,90,11,12,Delayed,Pending,Normal,0,225000
1489,2025-03-13,P001,Laptop,Electronics,S004,Prime Distributors,11,50000,550000,59,27,3,On Time,Delivered,Normal,0,2950000
1490,2025-09-17,P002,Mobile Phone,Electronics,S001,Tech Supplier Ltd,4,25000,100000,16,27,11,Delayed,Delivered,Low Stock,11,400000
1491,2025-06-20,P007,Headphones,Accessories,S003,Smart Supply Co,17,2500,42500,76,15,7,On Time,Delivered,Normal,0,190000
1492,2025-01-19,P010,Desk,Furniture,S002,Global Electronics,18,10000,180000,15,21,9,Delayed,Cancelled,Low Stock,6,150000
1493,2025-08-28,P008,Printer,Office,S002,Global Electronics,18,15000,270000,36,25,11,Delayed,Delivered,Normal,0,540000
1494,2025-02-10,P008,Printer,Office,S001,Tech Supplier Ltd,19,15000,285000,22,10,7,Delayed,Delivered,Normal,0,330000
1495,2025-03-25,P009,Office Chair,Furniture,S003,Smart Supply Co,2,7000,14000,79,11,4,On Time,Pending,Normal,0,553000
1496,2025-08-01,P009,Office Chair,Furniture,S004,Prime Distributors,9,7000,63000,24,10,11,On Time,Delivered,Normal,0,168000
1497,2025-10-13,P010,Desk,Furniture,S003,Smart Supply Co,13,10000,130000,31,24,2,On Time,Delivered,Normal,0,310000
1498,2025-06-07,P006,Mouse,Accessories,S002,Global Electronics,6,800,4800,67,18,10,Delayed,Delivered,Normal,0,53600
1499,2025-09-24,P007,Headphones,Accessories,S005,Reliable Suppliers,18,2500,45000,23,19,12,On Time,Delivered,Normal,0,57500
1500,2025-05-10,P008,Printer,Office,S005,Reliable Suppliers,15,15000,225000,30,22,2,On Time,Cancelled,Normal,0,450000
1501,2025-11-25,P007,Headphones,Accessories,S004,Prime Distributors,2,2500,5000,43,15,7,On Time,Delivered,Normal,0,107500
1502,2025-08-30,P004,Monitor,Electronics,S004,Prime Distributors,4,12000,48000,14,24,4,On Time,Delivered,Low Stock,10,168000
1503,2025-04-14,P006,Mouse,Accessories,S004,Prime Distributors,20,800,16000,29,15,6,On Time,Cancelled,Normal,0,23200
1504,2025-11-24,P004,Monitor,Electronics,S002,Global Electronics,1,12000,12000,53,10,7,On Time,Delivered,Normal,0,636000
1505,2025-10-22,P006,Mouse,Accessories,S005,Reliable Suppliers,17,800,13600,60,21,6,Delayed,Pending,Normal,0,48000
1506,2025-03-31,P005,Keyboard,Accessories,S001,Tech Supplier Ltd,11,1500,16500,13,14,10,On Time,Delivered,Low Stock,1,19500
1507,2025-10-29,P004,Monitor,Electronics,S002,Global Electronics,17,12000,204000,88,17,6,Delayed,Delivered,Normal,0,1056000
1508,2025-02-19,P001,Laptop,Electronics,S004,Prime Distributors,10,50000,500000,8,19,6,On Time,Delivered,Low Stock,11,400000
1509,2025-08-18,P002,Mobile Phone,Electronics,S002,Global Electronics,14,25000,350000,57,27,10,Delayed,Delivered,Normal,0,1425000
1510,2025-09-25,P009,Office Chair,Furniture,S002,Global Electronics,9,7000,63000,21,22,4,On Time,Cancelled,Low Stock,1,147000
1511,2025-02-17,P005,Keyboard,Accessories,S001,Tech Supplier Ltd,2,1500,3000,17,25,4,On Time,Delivered,Low Stock,8,25500
1512,2025-01-06,P009,Office Chair,Furniture,S004,Prime Distributors,16,7000,112000,87,29,12,Delayed,Delivered,Normal,0,609000
1513,2025-06-11,P005,Keyboard,Accessories,S003,Smart Supply Co,13,1500,19500,87,18,6,On Time,Pending,Normal,0,130500
1514,2025-05-30,P007,Headphones,Accessories,S005,Reliable Suppliers,13,2500,32500,73,11,9,Delayed,Cancelled,Normal,0,182500
1515,2025-10-19,P005,Keyboard,Accessories,S005,Reliable Suppliers,4,1500,6000,62,29,3,Delayed,Cancelled,Normal,0,93000
1516,2025-04-11,P006,Mouse,Accessories,S002,Global Electronics,14,800,11200,22,20,9,Delayed,Delivered,Normal,0,17600
1517,2025-12-05,P002,Mobile Phone,Electronics,S003,Smart Supply Co,6,25000,150000,17,23,7,Delayed,Pending,Low Stock,6,425000
1518,2025-02-02,P006,Mouse,Accessories,S003,Smart Supply Co,14,800,11200,60,29,7,Delayed,Cancelled,Normal,0,48000
1519,2025-01-29,P007,Headphones,Accessories,S001,Tech Supplier Ltd,15,2500,37500,41,17,6,Delayed,Cancelled,Normal,0,102500
1520,2025-10-19,P002,Mobile Phone,Electronics,S004,Prime Distributors,4,25000,100000,100,10,6,Delayed,Delivered,Normal,0,2500000
1521,2025-06-30,P010,Desk,Furniture,S002,Global Electronics,5,10000,50000,44,26,11,On Time,Pending,Normal,0,440000
1522,2025-06-27,P003,Tablet,Electronics,S005,Reliable Suppliers,20,18000,360000,20,13,12,On Time,Delivered,Normal,0,360000
1523,2025-01-04,P007,Headphones,Accessories,S002,Global Electronics,2,2500,5000,8,15,7,On Time,Pending,Low Stock,7,20000
1524,2025-07-23,P002,Mobile Phone,Electronics,S005,Reliable Suppliers,10,25000,250000,41,26,7,On Time,Pending,Normal,0,1025000
1525,2025-04-27,P003,Tablet,Electronics,S002,Global Electronics,6,18000,108000,92,26,8,Delayed,Delivered,Normal,0,1656000
1526,2025-02-05,P008,Printer,Office,S004,Prime Distributors,19,15000,285000,26,27,10,On Time,Cancelled,Low Stock,1,390000
1527,2025-06-04,P003,Tablet,Electronics,S001,Tech Supplier Ltd,6,18000,108000,11,26,7,On Time,Cancelled,Low Stock,15,198000
1528,2025-05-19,P002,Mobile Phone,Electronics,S001,Tech Supplier Ltd,11,25000,275000,53,16,6,On Time,Cancelled,Normal,0,1325000
1529,2025-03-04,P002,Mobile Phone,Electronics,S004,Prime Distributors,9,25000,225000,78,18,4,On Time,Delivered,Normal,0,1950000
1530,2025-02-22,P006,Mouse,Accessories,S005,Reliable Suppliers,3,800,2400,54,25,6,Delayed,Delivered,Normal,0,43200
1531,2025-01-19,P004,Monitor,Electronics,S001,Tech Supplier Ltd,13,12000,156000,87,17,9,Delayed,Cancelled,Normal,0,1044000
1532,2025-05-21,P002,Mobile Phone,Electronics,S003,Smart Supply Co,7,25000,175000,44,22,3,On Time,Delivered,Normal,0,1100000
1533,2025-03-22,P005,Keyboard,Accessories,S004,Prime Distributors,17,1500,25500,72,14,9,Delayed,Delivered,Normal,0,108000
1534,2025-03-11,P008,Printer,Office,S005,Reliable Suppliers,14,15000,210000,53,20,5,On Time,Delivered,Normal,0,795000
1535,2025-02-09,P007,Headphones,Accessories,S001,Tech Supplier Ltd,2,2500,5000,20,27,11,On Time,Delivered,Low Stock,7,50000
1536,2025-04-20,P007,Headphones,Accessories,S004,Prime Distributors,7,2500,17500,20,23,7,Delayed,Delivered,Low Stock,3,50000
1537,2025-01-06,P001,Laptop,Electronics,S004,Prime Distributors,15,50000,750000,72,23,9,On Time,Delivered,Normal,0,3600000
1538,2025-11-19,P003,Tablet,Electronics,S001,Tech Supplier Ltd,2,18000,36000,98,23,3,On Time,Delivered,Normal,0,1764000
1539,2025-11-14,P007,Headphones,Accessories,S004,Prime Distributors,9,2500,22500,40,18,5,On Time,Delivered,Normal,0,100000
1540,2025-04-24,P004,Monitor,Electronics,S002,Global Electronics,20,12000,240000,49,12,11,On Time,Delivered,Normal,0,588000
1541,2025-01-15,P006,Mouse,Accessories,S003,Smart Supply Co,20,800,16000,12,16,3,On Time,Delivered,Low Stock,4,9600
1542,2025-02-26,P001,Laptop,Electronics,S005,Reliable Suppliers,6,50000,300000,29,23,11,On Time,Pending,Normal,0,1450000
1543,2025-04-15,P007,Headphones,Accessories,S004,Prime Distributors,7,2500,17500,75,12,5,On Time,Delivered,Normal,0,187500
1544,2025-08-24,P007,Headphones,Accessories,S001,Tech Supplier Ltd,2,2500,5000,57,12,2,Delayed,Pending,Normal,0,142500
1545,2025-10-28,P005,Keyboard,Accessories,S001,Tech Supplier Ltd,11,1500,16500,88,13,7,Delayed,Delivered,Normal,0,132000
1546,2025-08-25,P009,Office Chair,Furniture,S001,Tech Supplier Ltd,6,7000,42000,9,30,8,On Time,Delivered,Low Stock,21,63000
1547,2025-02-21,P002,Mobile Phone,Electronics,S001,Tech Supplier Ltd,10,25000,250000,45,19,10,Delayed,Pending,Normal,0,1125000
1548,2025-04-03,P001,Laptop,Electronics,S002,Global Electronics,2,50000,100000,89,30,9,Delayed,Delivered,Normal,0,4450000
1549,2025-09-21,P001,Laptop,Electronics,S005,Reliable Suppliers,10,50000,500000,67,11,4,Delayed,Delivered,Normal,0,3350000
1550,2025-06-01,P010,Desk,Furniture,S001,Tech Supplier Ltd,18,10000,180000,54,21,12,Delayed,Delivered,Normal,0,540000
1551,2025-06-06,P001,Laptop,Electronics,S001,Tech Supplier Ltd,5,50000,250000,48,20,7,Delayed,Delivered,Normal,0,2400000
1552,2025-03-18,P009,Office Chair,Furniture,S004,Prime Distributors,12,7000,84000,30,16,4,On Time,Delivered,Normal,0,210000
1553,2025-09-17,P002,Mobile Phone,Electronics,S002,Global Electronics,10,25000,250000,10,23,6,Delayed,Pending,Low Stock,13,250000
1554,2025-08-05,P005,Keyboard,Accessories,S002,Global Electronics,18,1500,27000,63,12,9,On Time,Cancelled,Normal,0,94500
1555,2025-05-24,P003,Tablet,Electronics,S005,Reliable Suppliers,1,18000,18000,75,21,8,On Time,Delivered,Normal,0,1350000
1556,2025-02-19,P008,Printer,Office,S005,Reliable Suppliers,12,15000,180000,71,21,2,Delayed,Cancelled,Normal,0,1065000
1557,2025-03-07,P003,Tablet,Electronics,S003,Smart Supply Co,7,18000,126000,84,20,7,On Time,Delivered,Normal,0,1512000
1558,2025-01-20,P004,Monitor,Electronics,S004,Prime Distributors,19,12000,228000,93,11,4,Delayed,Delivered,Normal,0,1116000
1559,2025-01-08,P008,Printer,Office,S001,Tech Supplier Ltd,5,15000,75000,45,16,8,On Time,Delivered,Normal,0,675000
1560,2025-03-30,P003,Tablet,Electronics,S002,Global Electronics,1,18000,18000,69,17,3,Delayed,Cancelled,Normal,0,1242000
1561,2025-05-27,P010,Desk,Furniture,S005,Reliable Suppliers,3,10000,30000,59,30,5,On Time,Delivered,Normal,0,590000
1562,2025-01-06,P008,Printer,Office,S002,Global Electronics,7,15000,105000,22,12,4,On Time,Delivered,Normal,0,330000
1563,2025-10-30,P002,Mobile Phone,Electronics,S004,Prime Distributors,11,25000,275000,49,15,10,Delayed,Delivered,Normal,0,1225000
1564,2025-08-06,P001,Laptop,Electronics,S003,Smart Supply Co,15,50000,750000,64,16,8,On Time,Delivered,Normal,0,3200000
1565,2025-09-28,P009,Office Chair,Furniture,S001,Tech Supplier Ltd,19,7000,133000,50,15,7,On Time,Delivered,Normal,0,350000
1566,2025-12-28,P010,Desk,Furniture,S002,Global Electronics,17,10000,170000,95,13,5,On Time,Delivered,Normal,0,950000
1567,2025-01-14,P005,Keyboard,Accessories,S005,Reliable Suppliers,20,1500,30000,5,24,12,On Time,Delivered,Low Stock,19,7500
1568,2025-08-14,P009,Office Chair,Furniture,S003,Smart Supply Co,11,7000,77000,32,26,2,On Time,Pending,Normal,0,224000
1569,2025-06-13,P001,Laptop,Electronics,S004,Prime Distributors,4,50000,200000,15,24,8,On Time,Cancelled,Low Stock,9,750000
1570,2025-04-25,P001,Laptop,Electronics,S003,Smart Supply Co,11,50000,550000,20,26,2,Delayed,Delivered,Low Stock,6,1000000
1571,2025-06-11,P008,Printer,Office,S003,Smart Supply Co,19,15000,285000,45,11,2,On Time,Delivered,Normal,0,675000
1572,2025-09-15,P002,Mobile Phone,Electronics,S001,Tech Supplier Ltd,11,25000,275000,13,29,4,On Time,Cancelled,Low Stock,16,325000
1573,2025-12-26,P007,Headphones,Accessories,S002,Global Electronics,3,2500,7500,33,25,11,On Time,Pending,Normal,0,82500
1574,2025-09-04,P002,Mobile Phone,Electronics,S005,Reliable Suppliers,5,25000,125000,47,10,7,On Time,Delivered,Normal,0,1175000
1575,2025-07-01,P002,Mobile Phone,Electronics,S003,Smart Supply Co,14,25000,350000,55,24,12,On Time,Delivered,Normal,0,1375000
1576,2025-10-30,P007,Headphones,Accessories,S001,Tech Supplier Ltd,16,2500,40000,26,16,8,On Time,Delivered,Normal,0,65000
1577,2025-06-08,P010,Desk,Furniture,S003,Smart Supply Co,17,10000,170000,61,14,12,Delayed,Cancelled,Normal,0,610000
1578,2025-03-17,P001,Laptop,Electronics,S002,Global Electronics,8,50000,400000,72,11,2,Delayed,Delivered,Normal,0,3600000
1579,2025-07-22,P009,Office Chair,Furniture,S002,Global Electronics,9,7000,63000,19,21,8,On Time,Pending,Low Stock,2,133000
1580,2025-05-24,P005,Keyboard,Accessories,S002,Global Electronics,18,1500,27000,63,30,12,On Time,Delivered,Normal,0,94500
1581,2025-07-25,P004,Monitor,Electronics,S002,Global Electronics,7,12000,84000,18,24,4,Delayed,Delivered,Low Stock,6,216000
1582,2025-09-05,P007,Headphones,Accessories,S001,Tech Supplier Ltd,12,2500,30000,61,13,2,On Time,Delivered,Normal,0,152500
1583,2025-07-12,P002,Mobile Phone,Electronics,S003,Smart Supply Co,16,25000,400000,43,10,10,On Time,Cancelled,Normal,0,1075000
1584,2025-11-07,P003,Tablet,Electronics,S004,Prime Distributors,7,18000,126000,87,11,5,Delayed,Delivered,Normal,0,1566000
1585,2025-10-02,P005,Keyboard,Accessories,S002,Global Electronics,12,1500,18000,68,10,8,Delayed,Pending,Normal,0,102000
1586,2025-10-12,P007,Headphones,Accessories,S004,Prime Distributors,7,2500,17500,90,10,3,On Time,Pending,Normal,0,225000
1587,2025-01-03,P007,Headphones,Accessories,S005,Reliable Suppliers,18,2500,45000,40,16,3,Delayed,Delivered,Normal,0,100000
1588,2025-06-04,P001,Laptop,Electronics,S003,Smart Supply Co,7,50000,350000,82,22,10,On Time,Delivered,Normal,0,4100000
1589,2025-05-29,P001,Laptop,Electronics,S004,Prime Distributors,13,50000,650000,45,30,10,On Time,Delivered,Normal,0,2250000
1590,2025-05-30,P003,Tablet,Electronics,S004,Prime Distributors,16,18000,288000,98,16,8,Delayed,Delivered,Normal,0,1764000
1591,2025-02-24,P009,Office Chair,Furniture,S001,Tech Supplier Ltd,11,7000,77000,83,21,12,Delayed,Delivered,Normal,0,581000
1592,2025-08-21,P010,Desk,Furniture,S004,Prime Distributors,18,10000,180000,97,12,7,Delayed,Delivered,Normal,0,970000
1593,2025-04-01,P009,Office Chair,Furniture,S005,Reliable Suppliers,15,7000,105000,58,13,2,On Time,Delivered,Normal,0,406000
1594,2025-10-24,P007,Headphones,Accessories,S001,Tech Supplier Ltd,17,2500,42500,72,19,11,Delayed,Delivered,Normal,0,180000
1595,2025-06-29,P002,Mobile Phone,Electronics,S002,Global Electronics,11,25000,275000,55,13,7,On Time,Cancelled,Normal,0,1375000
1596,2025-08-11,P003,Tablet,Electronics,S002,Global Electronics,2,18000,36000,77,18,12,On Time,Pending,Normal,0,1386000
1597,2025-05-04,P009,Office Chair,Furniture,S002,Global Electronics,12,7000,84000,17,17,3,On Time,Delivered,Normal,0,119000
1598,2025-07-14,P007,Headphones,Accessories,S003,Smart Supply Co,10,2500,25000,70,20,3,Delayed,Cancelled,Normal,0,175000
1599,2025-12-07,P005,Keyboard,Accessories,S005,Reliable Suppliers,8,1500,12000,57,10,2,Delayed,Pending,Normal,0,85500
1600,2025-08-22,P001,Laptop,Electronics,S005,Reliable Suppliers,11,50000,550000,44,19,6,On Time,Delivered,Normal,0,2200000
1601,2025-11-20,P007,Headphones,Accessories,S002,Global Electronics,13,2500,32500,27,15,3,On Time,Cancelled,Normal,0,67500
1602,2025-06-20,P002,Mobile Phone,Electronics,S002,Global Electronics,9,25000,225000,21,10,4,On Time,Cancelled,Normal,0,525000
1603,2025-01-01,P003,Tablet,Electronics,S002,Global Electronics,7,18000,126000,99,27,4,On Time,Cancelled,Normal,0,1782000
1604,2025-09-28,P010,Desk,Furniture,S005,Reliable Suppliers,17,10000,170000,72,20,2,Delayed,Delivered,Normal,0,720000
1605,2025-11-25,P001,Laptop,Electronics,S004,Prime Distributors,17,50000,850000,36,18,11,On Time,Cancelled,Normal,0,1800000
1606,2025-01-15,P004,Monitor,Electronics,S003,Smart Supply Co,16,12000,192000,51,27,3,On Time,Cancelled,Normal,0,612000
1607,2025-05-18,P007,Headphones,Accessories,S005,Reliable Suppliers,20,2500,50000,35,29,3,On Time,Pending,Normal,0,87500
1608,2025-01-30,P005,Keyboard,Accessories,S001,Tech Supplier Ltd,1,1500,1500,46,15,4,On Time,Pending,Normal,0,69000
1609,2025-05-16,P006,Mouse,Accessories,S002,Global Electronics,20,800,16000,19,23,9,On Time,Cancelled,Low Stock,4,15200
1610,2025-08-14,P009,Office Chair,Furniture,S005,Reliable Suppliers,14,7000,98000,86,22,4,Delayed,Cancelled,Normal,0,602000
1611,2025-10-04,P010,Desk,Furniture,S002,Global Electronics,19,10000,190000,53,11,9,On Time,Delivered,Normal,0,530000
1612,2025-06-01,P003,Tablet,Electronics,S003,Smart Supply Co,4,18000,72000,43,13,4,Delayed,Delivered,Normal,0,774000
1613,2025-04-05,P005,Keyboard,Accessories,S003,Smart Supply Co,4,1500,6000,38,16,11,On Time,Cancelled,Normal,0,57000
1614,2025-06-29,P008,Printer,Office,S001,Tech Supplier Ltd,8,15000,120000,14,26,8,Delayed,Delivered,Low Stock,12,210000
1615,2025-09-09,P003,Tablet,Electronics,S002,Global Electronics,12,18000,216000,30,30,12,On Time,Pending,Normal,0,540000
1616,2025-05-30,P007,Headphones,Accessories,S002,Global Electronics,4,2500,10000,47,18,10,On Time,Cancelled,Normal,0,117500
1617,2025-12-06,P003,Tablet,Electronics,S004,Prime Distributors,5,18000,90000,30,27,12,On Time,Delivered,Normal,0,540000
1618,2025-07-10,P002,Mobile Phone,Electronics,S003,Smart Supply Co,18,25000,450000,66,23,12,Delayed,Delivered,Normal,0,1650000
1619,2025-08-31,P010,Desk,Furniture,S002,Global Electronics,3,10000,30000,17,26,8,Delayed,Delivered,Low Stock,9,170000
1620,2025-10-19,P008,Printer,Office,S001,Tech Supplier Ltd,5,15000,75000,67,28,11,On Time,Cancelled,Normal,0,1005000
1621,2025-09-30,P003,Tablet,Electronics,S002,Global Electronics,15,18000,270000,43,28,7,On Time,Delivered,Normal,0,774000
1622,2025-01-17,P006,Mouse,Accessories,S005,Reliable Suppliers,19,800,15200,66,11,7,Delayed,Delivered,Normal,0,52800
1623,2025-04-24,P004,Monitor,Electronics,S004,Prime Distributors,20,12000,240000,43,15,4,On Time,Cancelled,Normal,0,516000
1624,2025-06-09,P005,Keyboard,Accessories,S001,Tech Supplier Ltd,20,1500,30000,88,10,11,Delayed,Delivered,Normal,0,132000
1625,2025-09-10,P007,Headphones,Accessories,S005,Reliable Suppliers,1,2500,2500,58,22,9,Delayed,Delivered,Normal,0,145000
1626,2025-04-15,P010,Desk,Furniture,S001,Tech Supplier Ltd,8,10000,80000,45,17,10,On Time,Delivered,Normal,0,450000
1627,2025-04-24,P001,Laptop,Electronics,S005,Reliable Suppliers,11,50000,550000,87,12,4,Delayed,Pending,Normal,0,4350000
1628,2025-04-25,P009,Office Chair,Furniture,S005,Reliable Suppliers,9,7000,63000,89,25,4,Delayed,Delivered,Normal,0,623000
1629,2025-10-28,P008,Printer,Office,S003,Smart Supply Co,12,15000,180000,14,24,9,On Time,Delivered,Low Stock,10,210000
1630,2025-12-24,P002,Mobile Phone,Electronics,S002,Global Electronics,2,25000,50000,65,19,11,Delayed,Delivered,Normal,0,1625000
1631,2025-03-27,P010,Desk,Furniture,S004,Prime Distributors,7,10000,70000,5,22,9,On Time,Delivered,Low Stock,17,50000
1632,2025-11-30,P009,Office Chair,Furniture,S005,Reliable Suppliers,2,7000,14000,56,15,8,On Time,Delivered,Normal,0,392000
1633,2025-09-16,P001,Laptop,Electronics,S003,Smart Supply Co,5,50000,250000,55,17,3,On Time,Cancelled,Normal,0,2750000
1634,2025-03-05,P004,Monitor,Electronics,S003,Smart Supply Co,15,12000,180000,29,17,11,On Time,Delivered,Normal,0,348000
1635,2025-12-27,P005,Keyboard,Accessories,S001,Tech Supplier Ltd,8,1500,12000,57,26,4,Delayed,Delivered,Normal,0,85500
1636,2025-05-19,P004,Monitor,Electronics,S001,Tech Supplier Ltd,17,12000,204000,33,26,5,On Time,Pending,Normal,0,396000
1637,2025-06-01,P003,Tablet,Electronics,S002,Global Electronics,11,18000,198000,22,12,4,On Time,Delivered,Normal,0,396000
1638,2025-10-07,P008,Printer,Office,S001,Tech Supplier Ltd,14,15000,210000,64,24,10,On Time,Pending,Normal,0,960000
1639,2025-10-20,P007,Headphones,Accessories,S002,Global Electronics,19,2500,47500,19,15,11,On Time,Pending,Normal,0,47500
1640,2025-08-21,P002,Mobile Phone,Electronics,S003,Smart Supply Co,18,25000,450000,100,14,12,On Time,Delivered,Normal,0,2500000
1641,2025-03-10,P008,Printer,Office,S005,Reliable Suppliers,2,15000,30000,86,18,7,Delayed,Cancelled,Normal,0,1290000
1642,2025-05-15,P009,Office Chair,Furniture,S001,Tech Supplier Ltd,16,7000,112000,89,30,6,On Time,Delivered,Normal,0,623000
1643,2025-08-31,P006,Mouse,Accessories,S004,Prime Distributors,19,800,15200,91,20,8,On Time,Cancelled,Normal,0,72800
1644,2025-03-24,P006,Mouse,Accessories,S005,Reliable Suppliers,13,800,10400,42,22,4,On Time,Delivered,Normal,0,33600
1645,2025-08-21,P004,Monitor,Electronics,S001,Tech Supplier Ltd,18,12000,216000,54,25,6,Delayed,Cancelled,Normal,0,648000
1646,2025-12-11,P006,Mouse,Accessories,S003,Smart Supply Co,14,800,11200,84,30,12,On Time,Delivered,Normal,0,67200
1647,2025-05-02,P002,Mobile Phone,Electronics,S003,Smart Supply Co,1,25000,25000,66,22,8,On Time,Delivered,Normal,0,1650000
1648,2025-03-19,P007,Headphones,Accessories,S003,Smart Supply Co,20,2500,50000,16,23,12,Delayed,Delivered,Low Stock,7,40000
1649,2025-03-31,P008,Printer,Office,S003,Smart Supply Co,14,15000,210000,71,29,6,On Time,Delivered,Normal,0,1065000
1650,2025-02-19,P010,Desk,Furniture,S002,Global Electronics,4,10000,40000,33,17,10,Delayed,Delivered,Normal,0,330000
1651,2025-10-15,P010,Desk,Furniture,S002,Global Electronics,11,10000,110000,77,18,3,On Time,Cancelled,Normal,0,770000
1652,2025-09-26,P006,Mouse,Accessories,S001,Tech Supplier Ltd,8,800,6400,84,27,9,On Time,Delivered,Normal,0,67200
1653,2025-11-05,P002,Mobile Phone,Electronics,S005,Reliable Suppliers,5,25000,125000,11,25,10,Delayed,Delivered,Low Stock,14,275000
1654,2025-01-18,P005,Keyboard,Accessories,S002,Global Electronics,20,1500,30000,54,18,11,On Time,Delivered,Normal,0,81000
1655,2025-01-05,P001,Laptop,Electronics,S003,Smart Supply Co,11,50000,550000,44,26,4,On Time,Pending,Normal,0,2200000
1656,2025-08-10,P009,Office Chair,Furniture,S005,Reliable Suppliers,3,7000,21000,67,21,8,On Time,Cancelled,Normal,0,469000
1657,2025-02-20,P008,Printer,Office,S004,Prime Distributors,8,15000,120000,80,15,7,Delayed,Pending,Normal,0,1200000
1658,2025-11-16,P010,Desk,Furniture,S002,Global Electronics,15,10000,150000,85,29,11,On Time,Cancelled,Normal,0,850000
1659,2025-06-06,P001,Laptop,Electronics,S004,Prime Distributors,14,50000,700000,42,22,12,Delayed,Cancelled,Normal,0,2100000
1660,2025-12-18,P004,Monitor,Electronics,S003,Smart Supply Co,19,12000,228000,49,12,9,On Time,Delivered,Normal,0,588000
1661,2025-04-03,P001,Laptop,Electronics,S004,Prime Distributors,2,50000,100000,50,26,12,Delayed,Cancelled,Normal,0,2500000
1662,2025-05-22,P002,Mobile Phone,Electronics,S001,Tech Supplier Ltd,12,25000,300000,85,23,10,Delayed,Cancelled,Normal,0,2125000
1663,2025-07-18,P008,Printer,Office,S001,Tech Supplier Ltd,2,15000,30000,36,11,7,Delayed,Delivered,Normal,0,540000
1664,2025-04-25,P001,Laptop,Electronics,S005,Reliable Suppliers,6,50000,300000,78,18,12,On Time,Cancelled,Normal,0,3900000
1665,2025-12-07,P004,Monitor,Electronics,S005,Reliable Suppliers,19,12000,228000,24,26,11,Delayed,Delivered,Low Stock,2,288000
1666,2025-02-02,P007,Headphones,Accessories,S004,Prime Distributors,9,2500,22500,86,26,3,On Time,Cancelled,Normal,0,215000
1667,2025-12-21,P004,Monitor,Electronics,S005,Reliable Suppliers,8,12000,96000,42,29,3,On Time,Cancelled,Normal,0,504000
1668,2025-06-13,P005,Keyboard,Accessories,S003,Smart Supply Co,17,1500,25500,63,19,7,Delayed,Delivered,Normal,0,94500
1669,2025-10-17,P008,Printer,Office,S005,Reliable Suppliers,5,15000,75000,31,28,11,On Time,Delivered,Normal,0,465000
1670,2025-10-29,P008,Printer,Office,S002,Global Electronics,13,15000,195000,85,12,5,Delayed,Pending,Normal,0,1275000
1671,2025-05-25,P008,Printer,Office,S003,Smart Supply Co,7,15000,105000,63,28,4,On Time,Delivered,Normal,0,945000
1672,2025-04-25,P010,Desk,Furniture,S001,Tech Supplier Ltd,8,10000,80000,76,15,3,Delayed,Cancelled,Normal,0,760000
1673,2025-12-06,P009,Office Chair,Furniture,S003,Smart Supply Co,14,7000,98000,87,12,6,On Time,Cancelled,Normal,0,609000
1674,2025-07-31,P005,Keyboard,Accessories,S005,Reliable Suppliers,9,1500,13500,53,21,2,Delayed,Delivered,Normal,0,79500
1675,2025-06-05,P010,Desk,Furniture,S005,Reliable Suppliers,18,10000,180000,77,23,5,Delayed,Pending,Normal,0,770000
1676,2025-06-07,P009,Office Chair,Furniture,S002,Global Electronics,3,7000,21000,25,17,2,Delayed,Pending,Normal,0,175000
1677,2025-09-19,P003,Tablet,Electronics,S004,Prime Distributors,10,18000,180000,18,19,6,On Time,Cancelled,Low Stock,1,324000
1678,2025-12-25,P003,Tablet,Electronics,S005,Reliable Suppliers,6,18000,108000,99,11,7,On Time,Delivered,Normal,0,1782000
1679,2025-03-11,P009,Office Chair,Furniture,S004,Prime Distributors,5,7000,35000,7,28,7,Delayed,Cancelled,Low Stock,21,49000
1680,2025-09-04,P008,Printer,Office,S003,Smart Supply Co,15,15000,225000,39,30,10,On Time,Cancelled,Normal,0,585000
1681,2025-07-18,P004,Monitor,Electronics,S002,Global Electronics,13,12000,156000,93,12,12,On Time,Delivered,Normal,0,1116000
1682,2025-05-30,P004,Monitor,Electronics,S004,Prime Distributors,2,12000,24000,28,27,12,Delayed,Pending,Normal,0,336000
1683,2025-05-20,P007,Headphones,Accessories,S002,Global Electronics,2,2500,5000,21,25,4,On Time,Cancelled,Low Stock,4,52500
1684,2025-01-01,P007,Headphones,Accessories,S003,Smart Supply Co,7,2500,17500,95,21,8,On Time,Pending,Normal,0,237500
1685,2025-03-30,P004,Monitor,Electronics,S005,Reliable Suppliers,17,12000,204000,33,15,2,Delayed,Delivered,Normal,0,396000
1686,2025-07-08,P005,Keyboard,Accessories,S003,Smart Supply Co,1,1500,1500,19,10,3,Delayed,Pending,Normal,0,28500
1687,2025-01-12,P006,Mouse,Accessories,S003,Smart Supply Co,9,800,7200,88,13,9,On Time,Cancelled,Normal,0,70400
1688,2025-10-11,P002,Mobile Phone,Electronics,S004,Prime Distributors,8,25000,200000,84,28,6,On Time,Pending,Normal,0,2100000
1689,2025-07-20,P004,Monitor,Electronics,S005,Reliable Suppliers,7,12000,84000,37,10,12,On Time,Pending,Normal,0,444000
1690,2025-07-09,P010,Desk,Furniture,S002,Global Electronics,13,10000,130000,78,15,12,Delayed,Delivered,Normal,0,780000
1691,2025-12-30,P010,Desk,Furniture,S003,Smart Supply Co,2,10000,20000,74,12,11,On Time,Delivered,Normal,0,740000
1692,2025-01-07,P010,Desk,Furniture,S002,Global Electronics,12,10000,120000,33,23,7,On Time,Delivered,Normal,0,330000
1693,2025-02-24,P010,Desk,Furniture,S004,Prime Distributors,3,10000,30000,42,10,12,Delayed,Cancelled,Normal,0,420000
1694,2025-10-09,P005,Keyboard,Accessories,S003,Smart Supply Co,11,1500,16500,96,30,8,Delayed,Pending,Normal,0,144000
1695,2025-01-15,P010,Desk,Furniture,S001,Tech Supplier Ltd,16,10000,160000,42,22,6,Delayed,Pending,Normal,0,420000
1696,2025-10-14,P009,Office Chair,Furniture,S004,Prime Distributors,8,7000,56000,60,20,9,On Time,Delivered,Normal,0,420000
1697,2025-09-15,P006,Mouse,Accessories,S005,Reliable Suppliers,14,800,11200,14,23,10,Delayed,Cancelled,Low Stock,9,11200
1698,2025-04-02,P003,Tablet,Electronics,S002,Global Electronics,3,18000,54000,18,21,9,On Time,Pending,Low Stock,3,324000
1699,2025-08-05,P008,Printer,Office,S005,Reliable Suppliers,2,15000,30000,39,20,8,Delayed,Cancelled,Normal,0,585000
1700,2025-08-30,P010,Desk,Furniture,S004,Prime Distributors,7,10000,70000,88,19,7,Delayed,Delivered,Normal,0,880000
1701,2025-07-27,P005,Keyboard,Accessories,S002,Global Electronics,16,1500,24000,15,22,12,Delayed,Delivered,Low Stock,7,22500
1702,2025-08-28,P002,Mobile Phone,Electronics,S003,Smart Supply Co,9,25000,225000,23,22,6,On Time,Delivered,Normal,0,575000
1703,2025-01-03,P004,Monitor,Electronics,S001,Tech Supplier Ltd,3,12000,36000,76,24,4,On Time,Delivered,Normal,0,912000
1704,2025-07-18,P003,Tablet,Electronics,S004,Prime Distributors,13,18000,234000,95,27,3,On Time,Delivered,Normal,0,1710000
1705,2025-09-05,P004,Monitor,Electronics,S005,Reliable Suppliers,1,12000,12000,74,16,11,Delayed,Pending,Normal,0,888000
1706,2025-03-17,P009,Office Chair,Furniture,S005,Reliable Suppliers,10,7000,70000,67,25,11,Delayed,Delivered,Normal,0,469000
1707,2025-04-23,P004,Monitor,Electronics,S001,Tech Supplier Ltd,13,12000,156000,10,15,9,Delayed,Delivered,Low Stock,5,120000
1708,2025-01-16,P008,Printer,Office,S001,Tech Supplier Ltd,5,15000,75000,66,14,9,Delayed,Delivered,Normal,0,990000
1709,2025-04-21,P004,Monitor,Electronics,S004,Prime Distributors,16,12000,192000,38,30,5,On Time,Delivered,Normal,0,456000
1710,2025-09-04,P008,Printer,Office,S002,Global Electronics,11,15000,165000,58,20,12,On Time,Pending,Normal,0,870000
1711,2025-12-04,P006,Mouse,Accessories,S004,Prime Distributors,14,800,11200,96,11,9,On Time,Delivered,Normal,0,76800
1712,2025-06-03,P010,Desk,Furniture,S002,Global Electronics,8,10000,80000,97,11,5,Delayed,Pending,Normal,0,970000
1713,2025-05-22,P002,Mobile Phone,Electronics,S004,Prime Distributors,9,25000,225000,76,30,4,On Time,Delivered,Normal,0,1900000
1714,2025-01-28,P003,Tablet,Electronics,S005,Reliable Suppliers,11,18000,198000,69,10,9,On Time,Pending,Normal,0,1242000
1715,2025-10-18,P006,Mouse,Accessories,S001,Tech Supplier Ltd,15,800,12000,75,27,8,On Time,Delivered,Normal,0,60000
1716,2025-03-03,P004,Monitor,Electronics,S001,Tech Supplier Ltd,8,12000,96000,54,27,8,On Time,Delivered,Normal,0,648000
1717,2025-07-16,P008,Printer,Office,S004,Prime Distributors,13,15000,195000,22,18,5,On Time,Delivered,Normal,0,330000
1718,2025-01-17,P007,Headphones,Accessories,S002,Global Electronics,6,2500,15000,99,26,3,On Time,Delivered,Normal,0,247500
1719,2025-10-01,P008,Printer,Office,S005,Reliable Suppliers,8,15000,120000,58,20,8,On Time,Delivered,Normal,0,870000
1720,2025-12-01,P007,Headphones,Accessories,S005,Reliable Suppliers,2,2500,5000,46,24,9,Delayed,Delivered,Normal,0,115000
1721,2025-03-28,P006,Mouse,Accessories,S003,Smart Supply Co,7,800,5600,32,26,6,Delayed,Delivered,Normal,0,25600
1722,2025-02-10,P002,Mobile Phone,Electronics,S002,Global Electronics,13,25000,325000,46,28,9,Delayed,Cancelled,Normal,0,1150000
1723,2025-12-30,P009,Office Chair,Furniture,S001,Tech Supplier Ltd,7,7000,49000,17,22,11,On Time,Delivered,Low Stock,5,119000
1724,2025-09-06,P009,Office Chair,Furniture,S002,Global Electronics,1,7000,7000,33,23,3,On Time,Delivered,Normal,0,231000
1725,2025-10-09,P009,Office Chair,Furniture,S001,Tech Supplier Ltd,15,7000,105000,63,18,9,Delayed,Delivered,Normal,0,441000
1726,2025-10-20,P007,Headphones,Accessories,S005,Reliable Suppliers,17,2500,42500,81,14,7,On Time,Delivered,Normal,0,202500
1727,2025-02-07,P010,Desk,Furniture,S002,Global Electronics,13,10000,130000,22,12,12,Delayed,Delivered,Normal,0,220000
1728,2025-06-05,P005,Keyboard,Accessories,S001,Tech Supplier Ltd,20,1500,30000,31,28,9,On Time,Delivered,Normal,0,46500
1729,2025-07-27,P004,Monitor,Electronics,S003,Smart Supply Co,4,12000,48000,86,22,4,On Time,Delivered,Normal,0,1032000
1730,2025-04-09,P009,Office Chair,Furniture,S001,Tech Supplier Ltd,12,7000,84000,38,23,5,On Time,Delivered,Normal,0,266000
1731,2025-05-26,P007,Headphones,Accessories,S003,Smart Supply Co,18,2500,45000,93,19,8,On Time,Delivered,Normal,0,232500
1732,2025-12-19,P002,Mobile Phone,Electronics,S003,Smart Supply Co,1,25000,25000,19,14,5,Delayed,Cancelled,Normal,0,475000
1733,2025-06-23,P006,Mouse,Accessories,S001,Tech Supplier Ltd,11,800,8800,28,15,7,Delayed,Pending,Normal,0,22400
1734,2025-01-04,P010,Desk,Furniture,S001,Tech Supplier Ltd,11,10000,110000,38,28,11,On Time,Cancelled,Normal,0,380000
1735,2025-08-16,P006,Mouse,Accessories,S002,Global Electronics,9,800,7200,65,10,10,Delayed,Pending,Normal,0,52000
1736,2025-12-31,P005,Keyboard,Accessories,S005,Reliable Suppliers,2,1500,3000,63,17,2,Delayed,Delivered,Normal,0,94500
1737,2025-09-11,P002,Mobile Phone,Electronics,S002,Global Electronics,13,25000,325000,40,27,12,On Time,Cancelled,Normal,0,1000000
1738,2025-04-01,P006,Mouse,Accessories,S002,Global Electronics,16,800,12800,17,24,7,On Time,Cancelled,Low Stock,7,13600
1739,2025-06-17,P005,Keyboard,Accessories,S003,Smart Supply Co,19,1500,28500,44,24,7,On Time,Delivered,Normal,0,66000
1740,2025-09-14,P002,Mobile Phone,Electronics,S004,Prime Distributors,9,25000,225000,46,23,5,Delayed,Cancelled,Normal,0,1150000
1741,2025-01-03,P010,Desk,Furniture,S005,Reliable Suppliers,15,10000,150000,99,14,5,On Time,Pending,Normal,0,990000
1742,2025-05-15,P002,Mobile Phone,Electronics,S005,Reliable Suppliers,3,25000,75000,52,30,7,On Time,Pending,Normal,0,1300000
1743,2025-02-26,P003,Tablet,Electronics,S001,Tech Supplier Ltd,2,18000,36000,58,24,2,Delayed,Pending,Normal,0,1044000
1744,2025-07-29,P009,Office Chair,Furniture,S002,Global Electronics,18,7000,126000,91,14,9,On Time,Delivered,Normal,0,637000
1745,2025-12-16,P010,Desk,Furniture,S002,Global Electronics,20,10000,200000,13,13,12,Delayed,Pending,Normal,0,130000
1746,2025-09-06,P010,Desk,Furniture,S005,Reliable Suppliers,7,10000,70000,63,27,6,On Time,Delivered,Normal,0,630000
1747,2025-07-17,P008,Printer,Office,S004,Prime Distributors,17,15000,255000,37,13,11,On Time,Delivered,Normal,0,555000
1748,2025-09-06,P002,Mobile Phone,Electronics,S004,Prime Distributors,8,25000,200000,100,14,10,On Time,Delivered,Normal,0,2500000
1749,2025-02-04,P004,Monitor,Electronics,S005,Reliable Suppliers,19,12000,228000,18,23,8,On Time,Delivered,Low Stock,5,216000
1750,2025-01-28,P009,Office Chair,Furniture,S004,Prime Distributors,6,7000,42000,33,24,12,Delayed,Pending,Normal,0,231000
1751,2025-11-30,P003,Tablet,Electronics,S001,Tech Supplier Ltd,4,18000,72000,5,19,7,Delayed,Delivered,Low Stock,14,90000
1752,2025-12-06,P006,Mouse,Accessories,S001,Tech Supplier Ltd,11,800,8800,54,10,2,Delayed,Pending,Normal,0,43200
1753,2025-08-18,P002,Mobile Phone,Electronics,S003,Smart Supply Co,12,25000,300000,87,22,7,On Time,Delivered,Normal,0,2175000
1754,2025-02-15,P007,Headphones,Accessories,S005,Reliable Suppliers,17,2500,42500,24,25,7,Delayed,Delivered,Low Stock,1,60000
1755,2025-06-15,P004,Monitor,Electronics,S005,Reliable Suppliers,15,12000,180000,64,12,6,On Time,Cancelled,Normal,0,768000
1756,2025-06-05,P009,Office Chair,Furniture,S001,Tech Supplier Ltd,7,7000,49000,33,25,10,On Time,Delivered,Normal,0,231000
1757,2025-12-08,P001,Laptop,Electronics,S003,Smart Supply Co,1,50000,50000,43,22,11,Delayed,Pending,Normal,0,2150000
1758,2025-04-13,P005,Keyboard,Accessories,S002,Global Electronics,16,1500,24000,13,23,7,On Time,Delivered,Low Stock,10,19500
1759,2025-07-08,P005,Keyboard,Accessories,S005,Reliable Suppliers,1,1500,1500,57,21,2,Delayed,Cancelled,Normal,0,85500
1760,2025-08-10,P007,Headphones,Accessories,S003,Smart Supply Co,9,2500,22500,54,16,9,On Time,Delivered,Normal,0,135000
1761,2025-03-19,P001,Laptop,Electronics,S004,Prime Distributors,2,50000,100000,43,16,10,Delayed,Cancelled,Normal,0,2150000
1762,2025-05-16,P004,Monitor,Electronics,S004,Prime Distributors,16,12000,192000,82,29,9,On Time,Delivered,Normal,0,984000
1763,2025-12-27,P007,Headphones,Accessories,S001,Tech Supplier Ltd,6,2500,15000,93,26,9,Delayed,Delivered,Normal,0,232500
1764,2025-01-19,P002,Mobile Phone,Electronics,S003,Smart Supply Co,3,25000,75000,37,25,7,On Time,Cancelled,Normal,0,925000
1765,2025-11-03,P005,Keyboard,Accessories,S004,Prime Distributors,5,1500,7500,17,14,3,On Time,Pending,Normal,0,25500
1766,2025-11-21,P008,Printer,Office,S003,Smart Supply Co,5,15000,75000,95,28,2,Delayed,Cancelled,Normal,0,1425000
1767,2025-08-26,P010,Desk,Furniture,S002,Global Electronics,11,10000,110000,10,14,12,On Time,Delivered,Low Stock,4,100000
1768,2025-11-03,P002,Mobile Phone,Electronics,S003,Smart Supply Co,11,25000,275000,7,24,6,On Time,Delivered,Low Stock,17,175000
1769,2025-11-01,P008,Printer,Office,S005,Reliable Suppliers,10,15000,150000,55,25,4,On Time,Pending,Normal,0,825000
1770,2025-09-30,P008,Printer,Office,S003,Smart Supply Co,1,15000,15000,48,19,6,On Time,Cancelled,Normal,0,720000
1771,2025-02-19,P005,Keyboard,Accessories,S003,Smart Supply Co,7,1500,10500,7,30,7,On Time,Delivered,Low Stock,23,10500
1772,2025-08-18,P008,Printer,Office,S003,Smart Supply Co,4,15000,60000,25,23,2,On Time,Pending,Normal,0,375000
1773,2025-09-27,P004,Monitor,Electronics,S003,Smart Supply Co,11,12000,132000,54,29,2,Delayed,Cancelled,Normal,0,648000
1774,2025-06-02,P002,Mobile Phone,Electronics,S005,Reliable Suppliers,17,25000,425000,39,26,11,On Time,Delivered,Normal,0,975000
1775,2025-06-21,P005,Keyboard,Accessories,S002,Global Electronics,5,1500,7500,21,21,7,Delayed,Cancelled,Normal,0,31500
1776,2025-11-20,P004,Monitor,Electronics,S002,Global Electronics,18,12000,216000,98,23,11,Delayed,Cancelled,Normal,0,1176000
1777,2025-06-11,P007,Headphones,Accessories,S003,Smart Supply Co,7,2500,17500,70,19,9,Delayed,Pending,Normal,0,175000
1778,2025-07-25,P001,Laptop,Electronics,S002,Global Electronics,16,50000,800000,77,10,4,Delayed,Cancelled,Normal,0,3850000
1779,2025-12-08,P010,Desk,Furniture,S003,Smart Supply Co,2,10000,20000,23,21,3,On Time,Pending,Normal,0,230000
1780,2025-11-22,P008,Printer,Office,S005,Reliable Suppliers,17,15000,255000,62,30,6,Delayed,Delivered,Normal,0,930000
1781,2025-05-27,P005,Keyboard,Accessories,S005,Reliable Suppliers,6,1500,9000,94,30,6,Delayed,Delivered,Normal,0,141000
1782,2025-06-19,P006,Mouse,Accessories,S003,Smart Supply Co,5,800,4000,51,27,10,On Time,Delivered,Normal,0,40800
1783,2025-05-01,P003,Tablet,Electronics,S005,Reliable Suppliers,6,18000,108000,13,23,8,Delayed,Delivered,Low Stock,10,234000
1784,2025-05-11,P008,Printer,Office,S001,Tech Supplier Ltd,1,15000,15000,71,11,12,Delayed,Delivered,Normal,0,1065000
1785,2025-12-28,P006,Mouse,Accessories,S005,Reliable Suppliers,19,800,15200,91,28,6,On Time,Delivered,Normal,0,72800
1786,2025-08-02,P010,Desk,Furniture,S001,Tech Supplier Ltd,20,10000,200000,98,19,6,On Time,Delivered,Normal,0,980000
1787,2025-05-03,P004,Monitor,Electronics,S004,Prime Distributors,7,12000,84000,68,11,5,Delayed,Delivered,Normal,0,816000
1788,2025-04-28,P010,Desk,Furniture,S004,Prime Distributors,2,10000,20000,91,25,2,On Time,Cancelled,Normal,0,910000
1789,2025-03-05,P010,Desk,Furniture,S003,Smart Supply Co,1,10000,10000,61,17,6,Delayed,Cancelled,Normal,0,610000
1790,2025-06-02,P007,Headphones,Accessories,S002,Global Electronics,10,2500,25000,73,10,9,Delayed,Delivered,Normal,0,182500
1791,2025-05-26,P009,Office Chair,Furniture,S002,Global Electronics,2,7000,14000,55,29,5,On Time,Delivered,Normal,0,385000
1792,2025-02-01,P010,Desk,Furniture,S001,Tech Supplier Ltd,12,10000,120000,73,18,12,On Time,Delivered,Normal,0,730000
1793,2025-03-22,P001,Laptop,Electronics,S005,Reliable Suppliers,4,50000,200000,64,23,6,On Time,Delivered,Normal,0,3200000
1794,2025-09-28,P004,Monitor,Electronics,S005,Reliable Suppliers,19,12000,228000,80,15,7,On Time,Cancelled,Normal,0,960000
1795,2025-10-20,P003,Tablet,Electronics,S001,Tech Supplier Ltd,1,18000,18000,12,14,7,On Time,Cancelled,Low Stock,2,216000
1796,2025-02-01,P005,Keyboard,Accessories,S001,Tech Supplier Ltd,14,1500,21000,55,27,6,On Time,Delivered,Normal,0,82500
1797,2025-05-26,P002,Mobile Phone,Electronics,S004,Prime Distributors,11,25000,275000,97,24,9,Delayed,Delivered,Normal,0,2425000
1798,2025-01-04,P003,Tablet,Electronics,S001,Tech Supplier Ltd,7,18000,126000,9,24,4,On Time,Cancelled,Low Stock,15,162000
1799,2025-03-15,P002,Mobile Phone,Electronics,S003,Smart Supply Co,5,25000,125000,55,22,8,On Time,Cancelled,Normal,0,1375000
1800,2025-10-29,P002,Mobile Phone,Electronics,S004,Prime Distributors,8,25000,200000,68,19,9,On Time,Delivered,Normal,0,1700000
1801,2025-10-12,P004,Monitor,Electronics,S003,Smart Supply Co,10,12000,120000,36,14,5,Delayed,Cancelled,Normal,0,432000
1802,2025-06-28,P005,Keyboard,Accessories,S002,Global Electronics,19,1500,28500,20,14,9,Delayed,Delivered,Normal,0,30000
1803,2025-10-20,P008,Printer,Office,S005,Reliable Suppliers,10,15000,150000,75,28,5,Delayed,Cancelled,Normal,0,1125000
1804,2025-10-20,P007,Headphones,Accessories,S004,Prime Distributors,17,2500,42500,55,28,5,On Time,Delivered,Normal,0,137500
1805,2025-10-13,P008,Printer,Office,S002,Global Electronics,9,15000,135000,13,23,12,On Time,Delivered,Low Stock,10,195000
1806,2025-10-31,P010,Desk,Furniture,S001,Tech Supplier Ltd,6,10000,60000,16,26,5,Delayed,Delivered,Low Stock,10,160000
1807,2025-05-31,P007,Headphones,Accessories,S003,Smart Supply Co,4,2500,10000,88,12,5,On Time,Pending,Normal,0,220000
1808,2025-07-10,P001,Laptop,Electronics,S004,Prime Distributors,12,50000,600000,24,13,7,Delayed,Cancelled,Normal,0,1200000
1809,2025-08-05,P003,Tablet,Electronics,S005,Reliable Suppliers,1,18000,18000,62,13,4,On Time,Delivered,Normal,0,1116000
1810,2025-07-13,P001,Laptop,Electronics,S003,Smart Supply Co,14,50000,700000,99,20,4,On Time,Pending,Normal,0,4950000
1811,2025-04-24,P007,Headphones,Accessories,S001,Tech Supplier Ltd,3,2500,7500,73,19,11,Delayed,Cancelled,Normal,0,182500
1812,2025-07-22,P007,Headphones,Accessories,S005,Reliable Suppliers,9,2500,22500,52,30,8,On Time,Pending,Normal,0,130000
1813,2025-02-22,P004,Monitor,Electronics,S005,Reliable Suppliers,19,12000,228000,72,30,4,Delayed,Delivered,Normal,0,864000
1814,2025-02-01,P007,Headphones,Accessories,S005,Reliable Suppliers,17,2500,42500,13,28,7,On Time,Delivered,Low Stock,15,32500
1815,2025-05-18,P010,Desk,Furniture,S002,Global Electronics,7,10000,70000,91,16,4,Delayed,Delivered,Normal,0,910000
1816,2025-09-25,P006,Mouse,Accessories,S005,Reliable Suppliers,12,800,9600,42,22,10,On Time,Cancelled,Normal,0,33600
1817,2025-04-26,P008,Printer,Office,S001,Tech Supplier Ltd,4,15000,60000,34,12,9,On Time,Delivered,Normal,0,510000
1818,2025-01-17,P002,Mobile Phone,Electronics,S003,Smart Supply Co,2,25000,50000,55,14,2,On Time,Delivered,Normal,0,1375000
1819,2025-07-01,P004,Monitor,Electronics,S004,Prime Distributors,9,12000,108000,20,12,12,On Time,Delivered,Normal,0,240000
1820,2025-10-23,P002,Mobile Phone,Electronics,S004,Prime Distributors,3,25000,75000,32,12,4,On Time,Cancelled,Normal,0,800000
1821,2025-02-28,P010,Desk,Furniture,S003,Smart Supply Co,3,10000,30000,96,10,12,On Time,Cancelled,Normal,0,960000
1822,2025-04-05,P008,Printer,Office,S003,Smart Supply Co,15,15000,225000,99,17,2,On Time,Pending,Normal,0,1485000
1823,2025-04-09,P010,Desk,Furniture,S003,Smart Supply Co,1,10000,10000,42,21,7,Delayed,Delivered,Normal,0,420000
1824,2025-12-21,P006,Mouse,Accessories,S003,Smart Supply Co,7,800,5600,13,14,11,On Time,Delivered,Low Stock,1,10400
1825,2025-09-20,P001,Laptop,Electronics,S005,Reliable Suppliers,17,50000,850000,31,23,9,Delayed,Cancelled,Normal,0,1550000
1826,2025-08-06,P009,Office Chair,Furniture,S004,Prime Distributors,20,7000,140000,26,11,6,Delayed,Delivered,Normal,0,182000
1827,2025-02-17,P009,Office Chair,Furniture,S004,Prime Distributors,19,7000,133000,7,25,9,On Time,Delivered,Low Stock,18,49000
1828,2025-04-03,P001,Laptop,Electronics,S004,Prime Distributors,12,50000,600000,15,30,5,On Time,Delivered,Low Stock,15,750000
1829,2025-12-29,P006,Mouse,Accessories,S005,Reliable Suppliers,20,800,16000,79,29,11,On Time,Delivered,Normal,0,63200
1830,2025-11-15,P007,Headphones,Accessories,S001,Tech Supplier Ltd,1,2500,2500,15,11,4,Delayed,Pending,Normal,0,37500
1831,2025-09-28,P008,Printer,Office,S005,Reliable Suppliers,13,15000,195000,24,24,3,On Time,Delivered,Normal,0,360000
1832,2025-08-29,P004,Monitor,Electronics,S004,Prime Distributors,1,12000,12000,6,24,10,Delayed,Delivered,Low Stock,18,72000
1833,2025-01-18,P007,Headphones,Accessories,S005,Reliable Suppliers,14,2500,35000,98,24,11,On Time,Delivered,Normal,0,245000
1834,2025-11-03,P002,Mobile Phone,Electronics,S003,Smart Supply Co,7,25000,175000,18,19,12,Delayed,Delivered,Low Stock,1,450000
1835,2025-09-13,P008,Printer,Office,S003,Smart Supply Co,19,15000,285000,73,13,12,On Time,Delivered,Normal,0,1095000
1836,2025-04-22,P006,Mouse,Accessories,S005,Reliable Suppliers,3,800,2400,53,16,6,Delayed,Delivered,Normal,0,42400
1837,2025-01-02,P002,Mobile Phone,Electronics,S003,Smart Supply Co,17,25000,425000,45,22,6,Delayed,Delivered,Normal,0,1125000
1838,2025-06-19,P005,Keyboard,Accessories,S005,Reliable Suppliers,3,1500,4500,44,11,11,Delayed,Delivered,Normal,0,66000
1839,2025-02-02,P006,Mouse,Accessories,S002,Global Electronics,18,800,14400,85,30,2,On Time,Delivered,Normal,0,68000
1840,2025-11-26,P003,Tablet,Electronics,S001,Tech Supplier Ltd,20,18000,360000,32,29,6,On Time,Cancelled,Normal,0,576000
1841,2025-10-13,P010,Desk,Furniture,S001,Tech Supplier Ltd,2,10000,20000,59,29,9,On Time,Cancelled,Normal,0,590000
1842,2025-03-31,P008,Printer,Office,S004,Prime Distributors,3,15000,45000,68,27,2,On Time,Pending,Normal,0,1020000
1843,2025-09-30,P002,Mobile Phone,Electronics,S003,Smart Supply Co,4,25000,100000,45,21,11,On Time,Delivered,Normal,0,1125000
1844,2025-01-22,P004,Monitor,Electronics,S004,Prime Distributors,14,12000,168000,61,20,8,On Time,Delivered,Normal,0,732000
1845,2025-12-08,P003,Tablet,Electronics,S005,Reliable Suppliers,6,18000,108000,19,12,3,On Time,Pending,Normal,0,342000
1846,2025-02-25,P010,Desk,Furniture,S001,Tech Supplier Ltd,13,10000,130000,80,22,7,Delayed,Pending,Normal,0,800000
1847,2025-12-19,P005,Keyboard,Accessories,S004,Prime Distributors,18,1500,27000,12,30,5,Delayed,Cancelled,Low Stock,18,18000
1848,2025-07-11,P001,Laptop,Electronics,S001,Tech Supplier Ltd,20,50000,1000000,14,24,5,Delayed,Delivered,Low Stock,10,700000
1849,2025-07-01,P006,Mouse,Accessories,S001,Tech Supplier Ltd,10,800,8000,15,11,12,On Time,Cancelled,Normal,0,12000
1850,2025-12-03,P002,Mobile Phone,Electronics,S002,Global Electronics,20,25000,500000,7,16,8,Delayed,Delivered,Low Stock,9,175000
1851,2025-01-03,P003,Tablet,Electronics,S003,Smart Supply Co,20,18000,360000,85,17,7,Delayed,Pending,Normal,0,1530000
1852,2025-01-28,P002,Mobile Phone,Electronics,S003,Smart Supply Co,19,25000,475000,12,21,8,Delayed,Delivered,Low Stock,9,300000
1853,2025-09-09,P008,Printer,Office,S005,Reliable Suppliers,4,15000,60000,34,16,8,Delayed,Delivered,Normal,0,510000
1854,2025-12-24,P004,Monitor,Electronics,S003,Smart Supply Co,3,12000,36000,93,13,11,On Time,Delivered,Normal,0,1116000
1855,2025-11-19,P006,Mouse,Accessories,S004,Prime Distributors,20,800,16000,59,21,2,On Time,Delivered,Normal,0,47200
1856,2025-02-27,P007,Headphones,Accessories,S003,Smart Supply Co,3,2500,7500,77,10,11,Delayed,Delivered,Normal,0,192500
1857,2025-11-02,P008,Printer,Office,S003,Smart Supply Co,4,15000,60000,87,15,3,Delayed,Delivered,Normal,0,1305000
1858,2025-09-12,P005,Keyboard,Accessories,S001,Tech Supplier Ltd,6,1500,9000,57,29,10,Delayed,Pending,Normal,0,85500
1859,2025-03-31,P009,Office Chair,Furniture,S002,Global Electronics,17,7000,119000,31,10,5,On Time,Delivered,Normal,0,217000
1860,2025-10-27,P006,Mouse,Accessories,S004,Prime Distributors,9,800,7200,28,15,7,Delayed,Delivered,Normal,0,22400
1861,2025-11-13,P010,Desk,Furniture,S001,Tech Supplier Ltd,1,10000,10000,13,24,8,Delayed,Delivered,Low Stock,11,130000
1862,2025-06-10,P006,Mouse,Accessories,S004,Prime Distributors,5,800,4000,73,23,9,On Time,Cancelled,Normal,0,58400
1863,2025-07-05,P008,Printer,Office,S004,Prime Distributors,17,15000,255000,23,14,4,On Time,Cancelled,Normal,0,345000
1864,2025-11-07,P006,Mouse,Accessories,S001,Tech Supplier Ltd,6,800,4800,58,16,11,On Time,Delivered,Normal,0,46400
1865,2025-05-02,P010,Desk,Furniture,S001,Tech Supplier Ltd,13,10000,130000,87,29,12,On Time,Delivered,Normal,0,870000
1866,2025-11-20,P001,Laptop,Electronics,S002,Global Electronics,17,50000,850000,86,23,3,On Time,Delivered,Normal,0,4300000
1867,2025-10-09,P002,Mobile Phone,Electronics,S004,Prime Distributors,18,25000,450000,60,17,9,Delayed,Delivered,Normal,0,1500000
1868,2025-09-23,P005,Keyboard,Accessories,S002,Global Electronics,11,1500,16500,25,21,4,Delayed,Delivered,Normal,0,37500
1869,2025-01-07,P009,Office Chair,Furniture,S002,Global Electronics,19,7000,133000,85,19,9,Delayed,Pending,Normal,0,595000
1870,2025-02-16,P003,Tablet,Electronics,S004,Prime Distributors,5,18000,90000,73,26,5,On Time,Pending,Normal,0,1314000
1871,2025-11-26,P006,Mouse,Accessories,S002,Global Electronics,8,800,6400,48,25,8,Delayed,Delivered,Normal,0,38400
1872,2025-04-06,P006,Mouse,Accessories,S005,Reliable Suppliers,2,800,1600,90,24,9,Delayed,Delivered,Normal,0,72000
1873,2025-06-12,P006,Mouse,Accessories,S003,Smart Supply Co,10,800,8000,11,29,7,Delayed,Delivered,Low Stock,18,8800
1874,2025-01-20,P001,Laptop,Electronics,S005,Reliable Suppliers,4,50000,200000,9,20,9,On Time,Cancelled,Low Stock,11,450000
1875,2025-07-17,P008,Printer,Office,S003,Smart Supply Co,10,15000,150000,85,30,4,On Time,Cancelled,Normal,0,1275000
1876,2025-10-30,P001,Laptop,Electronics,S005,Reliable Suppliers,13,50000,650000,99,15,7,Delayed,Delivered,Normal,0,4950000
1877,2025-08-25,P002,Mobile Phone,Electronics,S001,Tech Supplier Ltd,10,25000,250000,66,23,7,Delayed,Delivered,Normal,0,1650000
1878,2025-08-05,P005,Keyboard,Accessories,S004,Prime Distributors,16,1500,24000,95,15,3,On Time,Delivered,Normal,0,142500
1879,2025-02-02,P007,Headphones,Accessories,S005,Reliable Suppliers,9,2500,22500,45,20,8,On Time,Delivered,Normal,0,112500
1880,2025-10-29,P004,Monitor,Electronics,S003,Smart Supply Co,20,12000,240000,44,25,11,Delayed,Cancelled,Normal,0,528000
1881,2025-04-06,P003,Tablet,Electronics,S003,Smart Supply Co,1,18000,18000,26,13,7,On Time,Pending,Normal,0,468000
1882,2025-10-07,P006,Mouse,Accessories,S005,Reliable Suppliers,18,800,14400,22,29,7,On Time,Delivered,Low Stock,7,17600
1883,2025-12-17,P001,Laptop,Electronics,S004,Prime Distributors,8,50000,400000,62,13,7,On Time,Pending,Normal,0,3100000
1884,2025-08-26,P002,Mobile Phone,Electronics,S001,Tech Supplier Ltd,17,25000,425000,99,23,11,On Time,Delivered,Normal,0,2475000
1885,2025-05-05,P007,Headphones,Accessories,S005,Reliable Suppliers,14,2500,35000,53,22,3,On Time,Delivered,Normal,0,132500
1886,2025-04-30,P001,Laptop,Electronics,S001,Tech Supplier Ltd,7,50000,350000,88,20,3,Delayed,Pending,Normal,0,4400000
1887,2025-09-04,P001,Laptop,Electronics,S004,Prime Distributors,13,50000,650000,69,27,9,Delayed,Pending,Normal,0,3450000
1888,2025-04-22,P009,Office Chair,Furniture,S003,Smart Supply Co,16,7000,112000,78,11,12,On Time,Delivered,Normal,0,546000
1889,2025-11-05,P008,Printer,Office,S003,Smart Supply Co,5,15000,75000,45,17,4,On Time,Delivered,Normal,0,675000
1890,2025-01-04,P002,Mobile Phone,Electronics,S002,Global Electronics,12,25000,300000,33,18,2,On Time,Delivered,Normal,0,825000
1891,2025-10-26,P010,Desk,Furniture,S002,Global Electronics,2,10000,20000,70,28,8,On Time,Delivered,Normal,0,700000
1892,2025-07-20,P004,Monitor,Electronics,S002,Global Electronics,10,12000,120000,53,16,9,On Time,Delivered,Normal,0,636000
1893,2025-06-20,P002,Mobile Phone,Electronics,S005,Reliable Suppliers,15,25000,375000,20,19,7,On Time,Delivered,Normal,0,500000
1894,2025-03-10,P010,Desk,Furniture,S004,Prime Distributors,3,10000,30000,50,19,2,On Time,Cancelled,Normal,0,500000
1895,2025-09-06,P009,Office Chair,Furniture,S003,Smart Supply Co,6,7000,42000,25,22,3,On Time,Delivered,Normal,0,175000
1896,2025-10-13,P009,Office Chair,Furniture,S002,Global Electronics,11,7000,77000,82,14,6,On Time,Pending,Normal,0,574000
1897,2025-11-26,P003,Tablet,Electronics,S005,Reliable Suppliers,16,18000,288000,47,28,10,On Time,Delivered,Normal,0,846000
1898,2025-08-07,P005,Keyboard,Accessories,S004,Prime Distributors,15,1500,22500,52,12,9,Delayed,Delivered,Normal,0,78000
1899,2025-09-01,P004,Monitor,Electronics,S003,Smart Supply Co,13,12000,156000,21,10,12,Delayed,Delivered,Normal,0,252000
1900,2025-10-30,P006,Mouse,Accessories,S001,Tech Supplier Ltd,9,800,7200,52,10,5,Delayed,Delivered,Normal,0,41600
1901,2025-04-10,P009,Office Chair,Furniture,S002,Global Electronics,17,7000,119000,18,30,9,On Time,Delivered,Low Stock,12,126000
1902,2025-11-17,P009,Office Chair,Furniture,S005,Reliable Suppliers,9,7000,63000,29,30,6,On Time,Pending,Low Stock,1,203000
1903,2025-12-09,P002,Mobile Phone,Electronics,S004,Prime Distributors,1,25000,25000,47,28,2,On Time,Delivered,Normal,0,1175000
1904,2025-03-27,P009,Office Chair,Furniture,S001,Tech Supplier Ltd,5,7000,35000,53,28,4,On Time,Delivered,Normal,0,371000
1905,2025-09-16,P010,Desk,Furniture,S004,Prime Distributors,19,10000,190000,78,18,5,On Time,Cancelled,Normal,0,780000
1906,2025-03-21,P003,Tablet,Electronics,S005,Reliable Suppliers,4,18000,72000,22,11,9,On Time,Delivered,Normal,0,396000
1907,2025-04-08,P005,Keyboard,Accessories,S003,Smart Supply Co,2,1500,3000,9,23,9,On Time,Delivered,Low Stock,14,13500
1908,2025-05-03,P010,Desk,Furniture,S005,Reliable Suppliers,5,10000,50000,7,26,10,On Time,Cancelled,Low Stock,19,70000
1909,2025-07-27,P003,Tablet,Electronics,S005,Reliable Suppliers,5,18000,90000,32,27,2,Delayed,Pending,Normal,0,576000
1910,2025-10-30,P008,Printer,Office,S003,Smart Supply Co,1,15000,15000,60,10,11,On Time,Pending,Normal,0,900000
1911,2025-11-17,P008,Printer,Office,S002,Global Electronics,8,15000,120000,24,15,6,On Time,Delivered,Normal,0,360000
1912,2025-04-07,P008,Printer,Office,S001,Tech Supplier Ltd,3,15000,45000,53,11,5,On Time,Delivered,Normal,0,795000
1913,2025-06-12,P003,Tablet,Electronics,S004,Prime Distributors,13,18000,234000,76,17,11,On Time,Cancelled,Normal,0,1368000
1914,2025-10-21,P007,Headphones,Accessories,S001,Tech Supplier Ltd,17,2500,42500,76,26,7,On Time,Cancelled,Normal,0,190000
1915,2025-06-11,P003,Tablet,Electronics,S002,Global Electronics,12,18000,216000,91,15,11,On Time,Delivered,Normal,0,1638000
1916,2025-12-02,P001,Laptop,Electronics,S003,Smart Supply Co,19,50000,950000,66,20,2,Delayed,Delivered,Normal,0,3300000
1917,2025-06-11,P009,Office Chair,Furniture,S001,Tech Supplier Ltd,10,7000,70000,86,19,10,On Time,Pending,Normal,0,602000
1918,2025-05-09,P006,Mouse,Accessories,S004,Prime Distributors,20,800,16000,19,10,5,Delayed,Cancelled,Normal,0,15200
1919,2025-10-23,P002,Mobile Phone,Electronics,S005,Reliable Suppliers,1,25000,25000,68,26,6,Delayed,Delivered,Normal,0,1700000
1920,2025-04-16,P006,Mouse,Accessories,S005,Reliable Suppliers,17,800,13600,64,16,4,On Time,Delivered,Normal,0,51200
1921,2025-01-28,P004,Monitor,Electronics,S002,Global Electronics,13,12000,156000,43,23,5,On Time,Pending,Normal,0,516000
1922,2025-06-01,P009,Office Chair,Furniture,S005,Reliable Suppliers,10,7000,70000,37,18,11,Delayed,Delivered,Normal,0,259000
1923,2025-11-09,P002,Mobile Phone,Electronics,S005,Reliable Suppliers,14,25000,350000,57,11,4,On Time,Cancelled,Normal,0,1425000
1924,2025-01-25,P010,Desk,Furniture,S001,Tech Supplier Ltd,18,10000,180000,24,28,6,Delayed,Pending,Low Stock,4,240000
1925,2025-05-20,P010,Desk,Furniture,S002,Global Electronics,6,10000,60000,37,16,4,On Time,Delivered,Normal,0,370000
1926,2025-05-15,P004,Monitor,Electronics,S004,Prime Distributors,1,12000,12000,64,19,9,On Time,Delivered,Normal,0,768000
1927,2025-04-04,P009,Office Chair,Furniture,S001,Tech Supplier Ltd,19,7000,133000,44,17,5,Delayed,Delivered,Normal,0,308000
1928,2025-11-11,P004,Monitor,Electronics,S005,Reliable Suppliers,5,12000,60000,58,23,8,On Time,Delivered,Normal,0,696000
1929,2025-06-21,P004,Monitor,Electronics,S004,Prime Distributors,6,12000,72000,91,25,11,On Time,Cancelled,Normal,0,1092000
1930,2025-02-07,P010,Desk,Furniture,S001,Tech Supplier Ltd,9,10000,90000,16,14,6,On Time,Delivered,Normal,0,160000
1931,2025-09-16,P008,Printer,Office,S001,Tech Supplier Ltd,7,15000,105000,93,18,2,On Time,Delivered,Normal,0,1395000
1932,2025-04-01,P002,Mobile Phone,Electronics,S001,Tech Supplier Ltd,5,25000,125000,79,13,8,Delayed,Cancelled,Normal,0,1975000
1933,2025-08-02,P002,Mobile Phone,Electronics,S003,Smart Supply Co,12,25000,300000,13,27,9,On Time,Cancelled,Low Stock,14,325000
1934,2025-04-21,P004,Monitor,Electronics,S004,Prime Distributors,17,12000,204000,70,13,12,Delayed,Pending,Normal,0,840000
1935,2025-09-09,P010,Desk,Furniture,S001,Tech Supplier Ltd,11,10000,110000,10,11,12,Delayed,Delivered,Low Stock,1,100000
1936,2025-11-29,P009,Office Chair,Furniture,S002,Global Electronics,8,7000,56000,92,26,9,On Time,Delivered,Normal,0,644000
1937,2025-02-05,P010,Desk,Furniture,S005,Reliable Suppliers,14,10000,140000,90,12,6,On Time,Pending,Normal,0,900000
1938,2025-12-22,P007,Headphones,Accessories,S002,Global Electronics,5,2500,12500,16,23,5,Delayed,Delivered,Low Stock,7,40000
1939,2025-04-07,P003,Tablet,Electronics,S004,Prime Distributors,19,18000,342000,67,12,4,On Time,Cancelled,Normal,0,1206000
1940,2025-09-22,P005,Keyboard,Accessories,S001,Tech Supplier Ltd,7,1500,10500,63,16,12,On Time,Delivered,Normal,0,94500
1941,2025-11-19,P008,Printer,Office,S003,Smart Supply Co,6,15000,90000,91,22,5,On Time,Pending,Normal,0,1365000
1942,2025-07-13,P002,Mobile Phone,Electronics,S004,Prime Distributors,17,25000,425000,26,27,3,Delayed,Delivered,Low Stock,1,650000
1943,2025-12-09,P007,Headphones,Accessories,S004,Prime Distributors,9,2500,22500,65,27,6,Delayed,Delivered,Normal,0,162500
1944,2025-02-25,P007,Headphones,Accessories,S004,Prime Distributors,16,2500,40000,34,25,6,Delayed,Cancelled,Normal,0,85000
1945,2025-11-01,P001,Laptop,Electronics,S004,Prime Distributors,6,50000,300000,90,30,7,Delayed,Delivered,Normal,0,4500000
1946,2025-04-07,P009,Office Chair,Furniture,S005,Reliable Suppliers,16,7000,112000,21,22,2,On Time,Pending,Low Stock,1,147000
1947,2025-11-16,P002,Mobile Phone,Electronics,S002,Global Electronics,4,25000,100000,69,21,7,Delayed,Delivered,Normal,0,1725000
1948,2025-05-02,P005,Keyboard,Accessories,S004,Prime Distributors,12,1500,18000,81,16,5,Delayed,Cancelled,Normal,0,121500
1949,2025-02-03,P006,Mouse,Accessories,S005,Reliable Suppliers,6,800,4800,34,18,9,Delayed,Delivered,Normal,0,27200
1950,2025-01-25,P003,Tablet,Electronics,S002,Global Electronics,9,18000,162000,80,14,4,On Time,Delivered,Normal,0,1440000
1951,2025-12-06,P005,Keyboard,Accessories,S003,Smart Supply Co,9,1500,13500,76,10,11,On Time,Cancelled,Normal,0,114000
1952,2025-06-05,P006,Mouse,Accessories,S002,Global Electronics,3,800,2400,82,13,11,Delayed,Delivered,Normal,0,65600
1953,2025-05-03,P007,Headphones,Accessories,S002,Global Electronics,6,2500,15000,11,26,7,On Time,Pending,Low Stock,15,27500
1954,2025-03-02,P001,Laptop,Electronics,S005,Reliable Suppliers,13,50000,650000,72,21,6,On Time,Cancelled,Normal,0,3600000
1955,2025-06-15,P003,Tablet,Electronics,S004,Prime Distributors,7,18000,126000,53,21,2,On Time,Delivered,Normal,0,954000
1956,2025-07-06,P001,Laptop,Electronics,S003,Smart Supply Co,19,50000,950000,100,28,2,On Time,Cancelled,Normal,0,5000000
1957,2025-07-28,P004,Monitor,Electronics,S005,Reliable Suppliers,20,12000,240000,93,27,3,On Time,Cancelled,Normal,0,1116000
1958,2025-04-24,P008,Printer,Office,S004,Prime Distributors,6,15000,90000,88,29,2,Delayed,Delivered,Normal,0,1320000
1959,2025-05-01,P004,Monitor,Electronics,S004,Prime Distributors,15,12000,180000,44,19,10,On Time,Cancelled,Normal,0,528000
1960,2025-07-28,P006,Mouse,Accessories,S002,Global Electronics,6,800,4800,51,23,9,On Time,Cancelled,Normal,0,40800
1961,2025-09-22,P003,Tablet,Electronics,S003,Smart Supply Co,12,18000,216000,11,13,6,On Time,Delivered,Low Stock,2,198000
1962,2025-08-15,P007,Headphones,Accessories,S004,Prime Distributors,12,2500,30000,80,27,9,Delayed,Delivered,Normal,0,200000
1963,2025-09-15,P002,Mobile Phone,Electronics,S001,Tech Supplier Ltd,10,25000,250000,47,27,3,Delayed,Pending,Normal,0,1175000
1964,2025-06-18,P010,Desk,Furniture,S001,Tech Supplier Ltd,4,10000,40000,6,10,11,On Time,Delivered,Low Stock,4,60000
1965,2025-08-01,P010,Desk,Furniture,S005,Reliable Suppliers,13,10000,130000,81,10,7,On Time,Pending,Normal,0,810000
1966,2025-05-23,P008,Printer,Office,S005,Reliable Suppliers,19,15000,285000,65,12,2,On Time,Delivered,Normal,0,975000
1967,2025-03-02,P010,Desk,Furniture,S001,Tech Supplier Ltd,19,10000,190000,86,11,10,Delayed,Delivered,Normal,0,860000
1968,2025-05-23,P005,Keyboard,Accessories,S001,Tech Supplier Ltd,17,1500,25500,14,27,9,On Time,Delivered,Low Stock,13,21000
1969,2025-12-09,P005,Keyboard,Accessories,S001,Tech Supplier Ltd,8,1500,12000,48,17,7,Delayed,Cancelled,Normal,0,72000
1970,2025-06-27,P010,Desk,Furniture,S001,Tech Supplier Ltd,13,10000,130000,56,14,7,On Time,Cancelled,Normal,0,560000
1971,2025-10-19,P004,Monitor,Electronics,S004,Prime Distributors,6,12000,72000,81,18,4,On Time,Delivered,Normal,0,972000
1972,2025-08-22,P006,Mouse,Accessories,S004,Prime Distributors,15,800,12000,12,30,7,Delayed,Delivered,Low Stock,18,9600
1973,2025-05-19,P008,Printer,Office,S005,Reliable Suppliers,10,15000,150000,8,29,9,Delayed,Delivered,Low Stock,21,120000
1974,2025-08-27,P002,Mobile Phone,Electronics,S002,Global Electronics,16,25000,400000,11,25,5,On Time,Cancelled,Low Stock,14,275000
1975,2025-11-28,P010,Desk,Furniture,S003,Smart Supply Co,19,10000,190000,12,11,6,On Time,Pending,Normal,0,120000
1976,2025-09-22,P008,Printer,Office,S002,Global Electronics,10,15000,150000,33,28,10,Delayed,Delivered,Normal,0,495000
1977,2025-11-07,P010,Desk,Furniture,S002,Global Electronics,11,10000,110000,46,11,7,On Time,Delivered,Normal,0,460000
1978,2025-01-29,P004,Monitor,Electronics,S005,Reliable Suppliers,20,12000,240000,54,29,6,On Time,Pending,Normal,0,648000
1979,2025-06-15,P006,Mouse,Accessories,S002,Global Electronics,7,800,5600,61,23,10,Delayed,Delivered,Normal,0,48800
1980,2025-09-08,P002,Mobile Phone,Electronics,S002,Global Electronics,5,25000,125000,55,13,12,On Time,Delivered,Normal,0,1375000
1981,2025-04-08,P006,Mouse,Accessories,S005,Reliable Suppliers,12,800,9600,15,24,3,On Time,Cancelled,Low Stock,9,12000
1982,2025-05-16,P004,Monitor,Electronics,S001,Tech Supplier Ltd,20,12000,240000,14,11,9,Delayed,Delivered,Normal,0,168000
1983,2025-05-23,P002,Mobile Phone,Electronics,S001,Tech Supplier Ltd,3,25000,75000,89,14,10,Delayed,Delivered,Normal,0,2225000
1984,2025-04-26,P004,Monitor,Electronics,S003,Smart Supply Co,6,12000,72000,50,13,9,Delayed,Pending,Normal,0,600000
1985,2025-11-14,P001,Laptop,Electronics,S001,Tech Supplier Ltd,19,50000,950000,59,21,9,On Time,Delivered,Normal,0,2950000
1986,2025-02-22,P010,Desk,Furniture,S002,Global Electronics,15,10000,150000,78,17,12,On Time,Pending,Normal,0,780000
1987,2025-05-19,P010,Desk,Furniture,S005,Reliable Suppliers,8,10000,80000,59,25,8,Delayed,Delivered,Normal,0,590000
1988,2025-10-07,P007,Headphones,Accessories,S005,Reliable Suppliers,8,2500,20000,65,20,10,On Time,Delivered,Normal,0,162500
1989,2025-02-07,P005,Keyboard,Accessories,S005,Reliable Suppliers,15,1500,22500,84,24,9,On Time,Delivered,Normal,0,126000
1990,2025-01-22,P001,Laptop,Electronics,S004,Prime Distributors,5,50000,250000,31,14,8,On Time,Delivered,Normal,0,1550000
1991,2025-10-12,P006,Mouse,Accessories,S002,Global Electronics,7,800,5600,26,14,2,On Time,Delivered,Normal,0,20800
1992,2025-02-09,P009,Office Chair,Furniture,S001,Tech Supplier Ltd,17,7000,119000,10,26,9,On Time,Delivered,Low Stock,16,70000
1993,2025-06-29,P009,Office Chair,Furniture,S003,Smart Supply Co,15,7000,105000,63,10,9,Delayed,Pending,Normal,0,441000
1994,2025-11-12,P005,Keyboard,Accessories,S004,Prime Distributors,17,1500,25500,90,22,6,On Time,Cancelled,Normal,0,135000
1995,2025-10-29,P003,Tablet,Electronics,S001,Tech Supplier Ltd,4,18000,72000,24,22,6,On Time,Delivered,Normal,0,432000
1996,2025-01-16,P003,Tablet,Electronics,S004,Prime Distributors,18,18000,324000,9,25,10,Delayed,Delivered,Low Stock,16,162000
1997,2025-08-31,P001,Laptop,Electronics,S002,Global Electronics,6,50000,300000,97,24,12,Delayed,Delivered,Normal,0,4850000
1998,2025-03-15,P006,Mouse,Accessories,S002,Global Electronics,16,800,12800,75,12,2,Delayed,Delivered,Normal,0,60000
1999,2025-04-29,P002,Mobile Phone,Electronics,S004,Prime Distributors,10,25000,250000,13,20,5,On Time,Delivered,Low Stock,7,325000
2000,2025-03-23,P002,Mobile Phone,Electronics,S005,Reliable Suppliers,18,25000,450000,46,24,12,On Time,Delivered,Normal,0,1150000
