Order_ID,Order_Date,Product_ID,Product_Name,Category,Supplier_ID,Supplier_Name,Quantity,Unit_Price,Sales,Stock,Reorder_Level,Delivery_Days,Delivery_Status,Order_Status
1001,2025-02-04,P006,Mouse,Accessories,S004,Prime Distributors,18,800,14400,80,26,2,On Time,Delivered
1002,2025-12-10,P009,Office Chair,Furniture,S004,Prime Distributors,13,7000,91000,61,20,10,On Time,Delivered
1003,2025-09-09,P004,Monitor,Electronics,S005,Reliable Suppliers,9,12000,108000,54,23,5,On Time,Delivered
1004,2025-03-09,P009,Office Chair,Furniture,S002,Global Electronics,5,7000,35000,48,20,4,Delayed,Delivered
1005,2025-12-26,P008,Printer,Office,S004,Prime Distributors,18,15000,270000,68,27,7,Delayed,Delivered
1006,2025-12-20,P003,Tablet,Electronics,S001,Tech Supplier Ltd,11,18000,198000,72,24,3,Delayed,Pending
1007,2025-07-20,P010,Desk,Furniture,S002,Global Electronics,4,10000,40000,49,22,5,Delayed,Delivered
1008,2025-03-17,P010,Desk,Furniture,S005,Reliable Suppliers,10,10000,100000,39,28,5,On Time,Delivered
1009,2025-12-29,P010,Desk,Furniture,S002,Global Electronics,14,10000,140000,76,23,8,On Time,Delivered
1010,2025-01-31,P001,Laptop,Electronics,S003,Smart Supply Co,3,50000,150000,6,24,9,On Time,Delivered
1011,2025-03-15,P009,Office Chair,Furniture,S001,Tech Supplier Ltd,20,7000,140000,65,22,10,Delayed,Cancelled
1012,2025-01-20,P002,Mobile Phone,Electronics,S005,Reliable Suppliers,8,25000,200000,86,12,6,On Time,Delivered
1013,2025-08-24,P004,Monitor,Electronics,S005,Reliable Suppliers,19,12000,228000,49,16,9,On Time,Delivered
1014,2025-01-17,P009,Office Chair,Furniture,S004,Prime Distributors,12,7000,84000,7,12,7,Delayed,Delivered
1015,2025-06-14,P010,Desk,Furniture,S005,Reliable Suppliers,9,10000,90000,21,22,5,On Time,Pending
1016,2025-09-11,P005,Keyboard,Accessories,S001,Tech Supplier Ltd,7,1500,10500,20,30,9,Delayed,Delivered
1017,2025-06-10,P001,Laptop,Electronics,S003,Smart Supply Co,15,50000,750000,77,27,9,Delayed,Cancelled
1018,2025-03-11,P001,Laptop,Electronics,S003,Smart Supply Co,12,50000,600000,76,16,7,Delayed,Pending
1019,2025-12-01,P006,Mouse,Accessories,S005,Reliable Suppliers,14,800,11200,84,23,6,Delayed,Cancelled
1020,2025-10-17,P001,Laptop,Electronics,S005,Reliable Suppliers,9,50000,450000,55,25,11,On Time,Delivered
1021,2025-04-03,P008,Printer,Office,S003,Smart Supply Co,7,15000,105000,51,14,6,Delayed,Pending
1022,2025-07-14,P004,Monitor,Electronics,S001,Tech Supplier Ltd,19,12000,228000,20,28,5,Delayed,Delivered
1023,2025-01-23,P010,Desk,Furniture,S005,Reliable Suppliers,6,10000,60000,44,26,9,Delayed,Cancelled
1024,2025-01-13,P005,Keyboard,Accessories,S005,Reliable Suppliers,5,1500,7500,46,30,8,On Time,Cancelled
1025,2025-01-11,P002,Mobile Phone,Electronics,S004,Prime Distributors,12,25000,300000,42,26,2,Delayed,Delivered
1026,2025-11-27,P010,Desk,Furniture,S003,Smart Supply Co,10,10000,100000,52,18,7,On Time,Pending
1027,2025-09-03,P002,Mobile Phone,Electronics,S001,Tech Supplier Ltd,13,25000,325000,10,27,5,On Time,Delivered
1028,2025-07-25,P009,Office Chair,Furniture,S003,Smart Supply Co,11,7000,77000,38,14,7,On Time,Delivered
1029,2025-03-13,P008,Printer,Office,S003,Smart Supply Co,20,15000,300000,85,11,11,Delayed,Delivered
1030,2025-06-09,P009,Office Chair,Furniture,S003,Smart Supply Co,20,7000,140000,86,30,4,Delayed,Cancelled
1031,2025-03-19,P006,Mouse,Accessories,S004,Prime Distributors,7,800,5600,17,27,12,On Time,Cancelled
1032,2025-01-30,P009,Office Chair,Furniture,S004,Prime Distributors,13,7000,91000,17,16,4,On Time,Delivered
1033,2025-10-02,P010,Desk,Furniture,S002,Global Electronics,8,10000,80000,67,29,9,On Time,Delivered
1034,2025-03-21,P004,Monitor,Electronics,S005,Reliable Suppliers,4,12000,48000,36,15,4,On Time,Pending
1035,2025-02-14,P007,Headphones,Accessories,S002,Global Electronics,17,2500,42500,95,24,5,On Time,Cancelled
1036,2025-07-19,P008,Printer,Office,S003,Smart Supply Co,13,15000,195000,69,29,4,On Time,Delivered
1037,2025-03-11,P008,Printer,Office,S005,Reliable Suppliers,1,15000,15000,79,15,8,Delayed,Delivered
1038,2025-10-22,P002,Mobile Phone,Electronics,S001,Tech Supplier Ltd,10,25000,250000,79,10,12,On Time,Cancelled
1039,2025-10-20,P008,Printer,Office,S004,Prime Distributors,4,15000,60000,57,29,12,Delayed,Pending
1040,2025-11-04,P002,Mobile Phone,Electronics,S003,Smart Supply Co,11,25000,275000,72,23,9,Delayed,Delivered
1041,2025-03-20,P004,Monitor,Electronics,S003,Smart Supply Co,18,12000,216000,65,30,11,Delayed,Pending
1042,2025-11-15,P007,Headphones,Accessories,S003,Smart Supply Co,16,2500,40000,36,29,3,Delayed,Delivered
1043,2025-01-20,P001,Laptop,Electronics,S004,Prime Distributors,18,50000,900000,53,15,11,On Time,Cancelled
1044,2025-06-02,P001,Laptop,Electronics,S001,Tech Supplier Ltd,14,50000,700000,30,21,6,On Time,Delivered
1045,2025-03-06,P008,Printer,Office,S003,Smart Supply Co,1,15000,15000,84,14,12,Delayed,Cancelled
1046,2025-01-09,P008,Printer,Office,S003,Smart Supply Co,2,15000,30000,38,25,4,Delayed,Cancelled
1047,2025-10-10,P009,Office Chair,Furniture,S003,Smart Supply Co,15,7000,105000,5,29,4,Delayed,Delivered
1048,2025-05-17,P009,Office Chair,Furniture,S003,Smart Supply Co,20,7000,140000,97,12,5,On Time,Pending
1049,2025-07-22,P005,Keyboard,Accessories,S003,Smart Supply Co,11,1500,16500,63,28,11,On Time,Delivered
1050,2025-10-11,P008,Printer,Office,S002,Global Electronics,18,15000,270000,22,17,10,On Time,Delivered
1051,2025-05-27,P008,Printer,Office,S001,Tech Supplier Ltd,10,15000,150000,19,20,12,On Time,Delivered
1052,2025-09-07,P007,Headphones,Accessories,S002,Global Electronics,8,2500,20000,61,11,3,Delayed,Pending
1053,2025-01-06,P001,Laptop,Electronics,S004,Prime Distributors,5,50000,250000,63,26,2,On Time,Delivered
1054,2025-05-13,P001,Laptop,Electronics,S002,Global Electronics,14,50000,700000,44,16,2,On Time,Delivered
1055,2025-04-07,P004,Monitor,Electronics,S002,Global Electronics,16,12000,192000,76,18,2,Delayed,Delivered
1056,2025-02-16,P001,Laptop,Electronics,S001,Tech Supplier Ltd,8,50000,400000,73,20,7,On Time,Delivered
1057,2025-10-06,P007,Headphones,Accessories,S001,Tech Supplier Ltd,20,2500,50000,50,13,3,On Time,Delivered
1058,2025-06-15,P005,Keyboard,Accessories,S004,Prime Distributors,20,1500,30000,38,13,3,On Time,Pending
1059,2025-11-16,P008,Printer,Office,S005,Reliable Suppliers,18,15000,270000,56,17,6,Delayed,Pending
1060,2025-04-15,P004,Monitor,Electronics,S003,Smart Supply Co,15,12000,180000,26,21,9,On Time,Pending
1061,2025-06-28,P005,Keyboard,Accessories,S003,Smart Supply Co,16,1500,24000,80,28,6,Delayed,Pending
1062,2025-05-03,P009,Office Chair,Furniture,S004,Prime Distributors,1,7000,7000,40,21,5,On Time,Pending
1063,2025-07-23,P003,Tablet,Electronics,S003,Smart Supply Co,14,18000,252000,5,30,4,On Time,Delivered
1064,2025-07-23,P002,Mobile Phone,Electronics,S005,Reliable Suppliers,19,25000,475000,77,30,2,Delayed,Delivered
1065,2025-02-05,P006,Mouse,Accessories,S003,Smart Supply Co,4,800,3200,87,11,6,Delayed,Pending
1066,2025-10-09,P005,Keyboard,Accessories,S001,Tech Supplier Ltd,15,1500,22500,7,11,11,On Time,Delivered
1067,2025-03-30,P006,Mouse,Accessories,S005,Reliable Suppliers,7,800,5600,94,10,5,On Time,Delivered
1068,2025-07-31,P005,Keyboard,Accessories,S003,Smart Supply Co,6,1500,9000,22,19,3,Delayed,Cancelled
1069,2025-07-18,P001,Laptop,Electronics,S005,Reliable Suppliers,6,50000,300000,34,17,12,Delayed,Delivered
1070,2025-01-04,P005,Keyboard,Accessories,S001,Tech Supplier Ltd,15,1500,22500,77,21,8,Delayed,Cancelled
1071,2025-02-01,P007,Headphones,Accessories,S005,Reliable Suppliers,4,2500,10000,18,16,3,Delayed,Delivered
1072,2025-04-01,P003,Tablet,Electronics,S001,Tech Supplier Ltd,19,18000,342000,66,21,7,Delayed,Delivered
1073,2025-07-12,P003,Tablet,Electronics,S005,Reliable Suppliers,5,18000,90000,9,15,5,Delayed,Delivered
1074,2025-12-21,P005,Keyboard,Accessories,S002,Global Electronics,3,1500,4500,32,21,5,On Time,Delivered
1075,2025-05-15,P004,Monitor,Electronics,S005,Reliable Suppliers,5,12000,60000,52,23,12,On Time,Pending
1076,2025-03-17,P008,Printer,Office,S004,Prime Distributors,13,15000,195000,78,29,8,Delayed,Delivered
1077,2025-10-05,P004,Monitor,Electronics,S002,Global Electronics,3,12000,36000,62,23,12,Delayed,Cancelled
1078,2025-08-20,P006,Mouse,Accessories,S002,Global Electronics,8,800,6400,29,12,9,On Time,Cancelled
1079,2025-01-06,P010,Desk,Furniture,S002,Global Electronics,19,10000,190000,58,25,6,Delayed,Delivered
1080,2025-02-21,P007,Headphones,Accessories,S004,Prime Distributors,20,2500,50000,77,16,10,Delayed,Delivered
1081,2025-09-27,P008,Printer,Office,S002,Global Electronics,15,15000,225000,73,17,12,On Time,Cancelled
1082,2025-10-31,P009,Office Chair,Furniture,S004,Prime Distributors,15,7000,105000,13,30,3,Delayed,Pending
1083,2025-05-05,P004,Monitor,Electronics,S004,Prime Distributors,14,12000,168000,36,20,6,Delayed,Delivered
1084,2025-06-07,P008,Printer,Office,S004,Prime Distributors,14,15000,210000,80,10,4,Delayed,Delivered
1085,2025-08-29,P005,Keyboard,Accessories,S001,Tech Supplier Ltd,18,1500,27000,21,30,6,Delayed,Pending
1086,2025-11-18,P005,Keyboard,Accessories,S005,Reliable Suppliers,10,1500,15000,97,11,9,Delayed,Cancelled
1087,2025-08-12,P001,Laptop,Electronics,S001,Tech Supplier Ltd,17,50000,850000,56,14,12,Delayed,Cancelled
1088,2025-04-18,P007,Headphones,Accessories,S002,Global Electronics,16,2500,40000,62,27,9,On Time,Delivered
1089,2025-02-07,P003,Tablet,Electronics,S001,Tech Supplier Ltd,2,18000,36000,99,13,3,Delayed,Delivered
1090,2025-12-23,P005,Keyboard,Accessories,S005,Reliable Suppliers,3,1500,4500,64,22,5,On Time,Cancelled
1091,2025-12-30,P004,Monitor,Electronics,S005,Reliable Suppliers,2,12000,24000,86,29,3,On Time,Cancelled
1092,2025-05-03,P003,Tablet,Electronics,S003,Smart Supply Co,16,18000,288000,13,24,12,On Time,Delivered
1093,2025-05-27,P006,Mouse,Accessories,S005,Reliable Suppliers,10,800,8000,58,21,7,On Time,Delivered
1094,2025-09-16,P010,Desk,Furniture,S005,Reliable Suppliers,9,10000,90000,7,20,7,Delayed,Cancelled
1095,2025-01-05,P002,Mobile Phone,Electronics,S003,Smart Supply Co,12,25000,300000,71,13,2,Delayed,Delivered
1096,2025-07-18,P006,Mouse,Accessories,S001,Tech Supplier Ltd,12,800,9600,76,14,12,On Time,Pending
1097,2025-09-25,P002,Mobile Phone,Electronics,S001,Tech Supplier Ltd,11,25000,275000,83,23,10,On Time,Delivered
1098,2025-09-12,P003,Tablet,Electronics,S005,Reliable Suppliers,10,18000,180000,38,13,6,On Time,Pending
1099,2025-06-05,P006,Mouse,Accessories,S005,Reliable Suppliers,16,800,12800,93,25,12,Delayed,Cancelled
1100,2025-11-14,P009,Office Chair,Furniture,S005,Reliable Suppliers,20,7000,140000,42,17,8,On Time,Pending
1101,2025-12-12,P002,Mobile Phone,Electronics,S004,Prime Distributors,4,25000,100000,91,11,8,On Time,Delivered
1102,2025-10-19,P001,Laptop,Electronics,S004,Prime Distributors,1,50000,50000,44,15,12,Delayed,Cancelled
1103,2025-07-28,P003,Tablet,Electronics,S002,Global Electronics,2,18000,36000,11,29,10,On Time,Delivered
1104,2025-07-13,P002,Mobile Phone,Electronics,S003,Smart Supply Co,19,25000,475000,86,17,2,Delayed,Pending
1105,2025-09-01,P002,Mobile Phone,Electronics,S002,Global Electronics,7,25000,175000,8,27,5,Delayed,Delivered
1106,2025-06-21,P004,Monitor,Electronics,S001,Tech Supplier Ltd,6,12000,72000,44,16,3,On Time,Delivered
1107,2025-02-27,P006,Mouse,Accessories,S001,Tech Supplier Ltd,8,800,6400,32,18,2,Delayed,Delivered
1108,2025-06-09,P001,Laptop,Electronics,S001,Tech Supplier Ltd,3,50000,150000,27,21,10,Delayed,Cancelled
1109,2025-05-22,P006,Mouse,Accessories,S004,Prime Distributors,2,800,1600,12,28,2,On Time,Delivered
1110,2025-03-23,P008,Printer,Office,S003,Smart Supply Co,12,15000,180000,97,18,4,Delayed,Delivered
1111,2025-11-23,P004,Monitor,Electronics,S005,Reliable Suppliers,4,12000,48000,41,23,4,On Time,Pending
1112,2025-10-08,P007,Headphones,Accessories,S003,Smart Supply Co,3,2500,7500,8,21,2,Delayed,Delivered
1113,2025-08-13,P006,Mouse,Accessories,S004,Prime Distributors,8,800,6400,67,30,2,Delayed,Delivered
1114,2025-06-19,P005,Keyboard,Accessories,S001,Tech Supplier Ltd,1,1500,1500,74,15,8,Delayed,Delivered
1115,2025-03-02,P005,Keyboard,Accessories,S002,Global Electronics,10,1500,15000,93,16,2,On Time,Cancelled
1116,2025-03-28,P005,Keyboard,Accessories,S003,Smart Supply Co,18,1500,27000,59,19,3,On Time,Delivered
1117,2025-12-29,P003,Tablet,Electronics,S004,Prime Distributors,1,18000,18000,69,16,9,On Time,Pending
1118,2025-08-03,P001,Laptop,Electronics,S001,Tech Supplier Ltd,19,50000,950000,78,15,5,On Time,Cancelled
1119,2025-10-07,P005,Keyboard,Accessories,S003,Smart Supply Co,13,1500,19500,91,16,7,On Time,Cancelled
1120,2025-12-27,P004,Monitor,Electronics,S003,Smart Supply Co,8,12000,96000,27,28,7,On Time,Pending
1121,2025-01-21,P010,Desk,Furniture,S002,Global Electronics,2,10000,20000,53,14,5,Delayed,Delivered
1122,2025-02-03,P004,Monitor,Electronics,S004,Prime Distributors,19,12000,228000,35,27,9,On Time,Pending
1123,2025-11-19,P010,Desk,Furniture,S001,Tech Supplier Ltd,12,10000,120000,67,24,8,On Time,Cancelled
1124,2025-03-30,P003,Tablet,Electronics,S005,Reliable Suppliers,6,18000,108000,44,12,8,Delayed,Cancelled
1125,2025-02-06,P006,Mouse,Accessories,S001,Tech Supplier Ltd,10,800,8000,16,26,7,On Time,Delivered
1126,2025-04-28,P010,Desk,Furniture,S003,Smart Supply Co,16,10000,160000,7,16,10,On Time,Delivered
1127,2025-05-30,P007,Headphones,Accessories,S005,Reliable Suppliers,18,2500,45000,77,26,4,On Time,Pending
1128,2025-01-30,P006,Mouse,Accessories,S002,Global Electronics,13,800,10400,50,26,4,Delayed,Cancelled
1129,2025-09-14,P007,Headphones,Accessories,S001,Tech Supplier Ltd,1,2500,2500,6,12,9,On Time,Delivered
1130,2025-02-17,P010,Desk,Furniture,S003,Smart Supply Co,19,10000,190000,17,20,12,Delayed,Delivered
1131,2025-07-24,P010,Desk,Furniture,S004,Prime Distributors,16,10000,160000,76,27,7,On Time,Delivered
1132,2025-07-21,P001,Laptop,Electronics,S005,Reliable Suppliers,3,50000,150000,97,14,8,On Time,Cancelled
1133,2025-03-30,P004,Monitor,Electronics,S003,Smart Supply Co,17,12000,204000,52,29,9,Delayed,Delivered
1134,2025-06-12,P004,Monitor,Electronics,S003,Smart Supply Co,19,12000,228000,11,14,10,On Time,Pending
1135,2025-03-18,P004,Monitor,Electronics,S003,Smart Supply Co,3,12000,36000,30,24,10,Delayed,Pending
1136,2025-09-06,P007,Headphones,Accessories,S002,Global Electronics,1,2500,2500,19,29,11,On Time,Cancelled
1137,2025-05-23,P004,Monitor,Electronics,S002,Global Electronics,7,12000,84000,57,18,2,On Time,Pending
1138,2025-02-16,P001,Laptop,Electronics,S005,Reliable Suppliers,8,50000,400000,26,16,7,Delayed,Pending
1139,2025-06-09,P007,Headphones,Accessories,S005,Reliable Suppliers,4,2500,10000,42,13,4,On Time,Delivered
1140,2025-03-09,P006,Mouse,Accessories,S004,Prime Distributors,16,800,12800,28,28,9,On Time,Delivered
1141,2025-07-14,P005,Keyboard,Accessories,S004,Prime Distributors,17,1500,25500,94,18,11,Delayed,Cancelled
1142,2025-10-30,P003,Tablet,Electronics,S003,Smart Supply Co,19,18000,342000,63,28,10,Delayed,Delivered
1143,2025-03-13,P009,Office Chair,Furniture,S002,Global Electronics,18,7000,126000,46,20,6,On Time,Pending
1144,2025-05-04,P002,Mobile Phone,Electronics,S003,Smart Supply Co,19,25000,475000,26,28,9,On Time,Cancelled
1145,2025-11-03,P008,Printer,Office,S002,Global Electronics,4,15000,60000,24,21,6,Delayed,Delivered
1146,2025-04-22,P004,Monitor,Electronics,S003,Smart Supply Co,13,12000,156000,39,13,8,Delayed,Delivered
1147,2025-10-21,P007,Headphones,Accessories,S004,Prime Distributors,18,2500,45000,6,17,11,Delayed,Delivered
1148,2025-08-03,P004,Monitor,Electronics,S005,Reliable Suppliers,8,12000,96000,58,23,2,Delayed,Cancelled
1149,2025-11-02,P005,Keyboard,Accessories,S003,Smart Supply Co,17,1500,25500,59,15,7,Delayed,Delivered
1150,2025-06-02,P008,Printer,Office,S004,Prime Distributors,3,15000,45000,21,18,10,Delayed,Delivered
1151,2025-06-14,P005,Keyboard,Accessories,S005,Reliable Suppliers,10,1500,15000,74,18,5,On Time,Delivered
1152,2025-02-09,P002,Mobile Phone,Electronics,S002,Global Electronics,17,25000,425000,7,29,11,On Time,Delivered
1153,2025-12-19,P005,Keyboard,Accessories,S001,Tech Supplier Ltd,5,1500,7500,52,28,7,On Time,Delivered
1154,2025-02-13,P005,Keyboard,Accessories,S005,Reliable Suppliers,8,1500,12000,13,21,6,On Time,Pending
1155,2025-06-24,P008,Printer,Office,S005,Reliable Suppliers,20,15000,300000,50,24,8,Delayed,Delivered
1156,2025-10-23,P010,Desk,Furniture,S002,Global Electronics,11,10000,110000,56,22,5,On Time,Cancelled
1157,2025-01-04,P003,Tablet,Electronics,S002,Global Electronics,15,18000,270000,56,28,11,Delayed,Delivered
1158,2025-07-23,P001,Laptop,Electronics,S002,Global Electronics,5,50000,250000,74,24,12,Delayed,Delivered
1159,2025-03-05,P009,Office Chair,Furniture,S004,Prime Distributors,11,7000,77000,31,26,10,On Time,Delivered
1160,2025-02-28,P001,Laptop,Electronics,S004,Prime Distributors,7,50000,350000,94,21,11,Delayed,Delivered
1161,2025-06-14,P010,Desk,Furniture,S002,Global Electronics,13,10000,130000,76,13,8,On Time,Delivered
1162,2025-01-23,P004,Monitor,Electronics,S004,Prime Distributors,4,12000,48000,28,10,10,Delayed,Delivered
1163,2025-12-05,P001,Laptop,Electronics,S005,Reliable Suppliers,9,50000,450000,95,28,2,Delayed,Delivered
1164,2025-09-13,P005,Keyboard,Accessories,S001,Tech Supplier Ltd,7,1500,10500,25,21,12,On Time,Delivered
1165,2025-12-20,P003,Tablet,Electronics,S002,Global Electronics,20,18000,360000,24,15,11,On Time,Delivered
1166,2025-05-13,P007,Headphones,Accessories,S003,Smart Supply Co,20,2500,50000,69,26,7,Delayed,Pending
1167,2025-01-03,P006,Mouse,Accessories,S005,Reliable Suppliers,9,800,7200,46,14,10,On Time,Delivered
1168,2025-07-11,P007,Headphones,Accessories,S005,Reliable Suppliers,10,2500,25000,29,20,6,On Time,Pending
1169,2025-08-04,P003,Tablet,Electronics,S005,Reliable Suppliers,2,18000,36000,83,26,3,Delayed,Cancelled
1170,2025-08-20,P007,Headphones,Accessories,S001,Tech Supplier Ltd,1,2500,2500,76,15,8,Delayed,Pending
1171,2025-07-03,P007,Headphones,Accessories,S002,Global Electronics,9,2500,22500,61,26,6,On Time,Delivered
1172,2025-02-08,P002,Mobile Phone,Electronics,S004,Prime Distributors,19,25000,475000,97,19,4,Delayed,Cancelled
1173,2025-02-25,P007,Headphones,Accessories,S005,Reliable Suppliers,18,2500,45000,8,22,11,On Time,Pending
1174,2025-09-12,P004,Monitor,Electronics,S004,Prime Distributors,15,12000,180000,88,17,2,On Time,Pending
1175,2025-12-11,P009,Office Chair,Furniture,S001,Tech Supplier Ltd,12,7000,84000,89,10,2,On Time,Cancelled
1176,2025-01-08,P010,Desk,Furniture,S004,Prime Distributors,10,10000,100000,34,19,10,On Time,Delivered
1177,2025-06-13,P004,Monitor,Electronics,S005,Reliable Suppliers,4,12000,48000,35,17,8,Delayed,Delivered
1178,2025-12-07,P007,Headphones,Accessories,S003,Smart Supply Co,5,2500,12500,9,20,11,On Time,Delivered
1179,2025-10-07,P007,Headphones,Accessories,S002,Global Electronics,8,2500,20000,19,26,7,On Time,Delivered
1180,2025-12-19,P009,Office Chair,Furniture,S005,Reliable Suppliers,20,7000,140000,65,15,12,On Time,Pending
1181,2025-08-12,P007,Headphones,Accessories,S003,Smart Supply Co,5,2500,12500,24,25,12,Delayed,Delivered
1182,2025-03-01,P001,Laptop,Electronics,S005,Reliable Suppliers,12,50000,600000,100,15,9,Delayed,Delivered
1183,2025-05-16,P009,Office Chair,Furniture,S005,Reliable Suppliers,14,7000,98000,29,23,11,Delayed,Cancelled
1184,2025-04-09,P001,Laptop,Electronics,S003,Smart Supply Co,4,50000,200000,95,11,7,On Time,Delivered
1185,2025-01-24,P007,Headphones,Accessories,S001,Tech Supplier Ltd,14,2500,35000,99,19,5,On Time,Delivered
1186,2025-06-27,P005,Keyboard,Accessories,S003,Smart Supply Co,6,1500,9000,89,29,3,Delayed,Pending
1187,2025-09-27,P003,Tablet,Electronics,S003,Smart Supply Co,1,18000,18000,30,21,12,On Time,Pending
1188,2025-08-27,P004,Monitor,Electronics,S001,Tech Supplier Ltd,15,12000,180000,48,24,2,On Time,Delivered
1189,2025-04-14,P006,Mouse,Accessories,S002,Global Electronics,15,800,12000,60,26,12,Delayed,Delivered
1190,2025-04-11,P004,Monitor,Electronics,S002,Global Electronics,2,12000,24000,40,20,3,On Time,Delivered
1191,2025-05-26,P005,Keyboard,Accessories,S001,Tech Supplier Ltd,9,1500,13500,64,12,4,On Time,Delivered
1192,2025-02-09,P003,Tablet,Electronics,S003,Smart Supply Co,9,18000,162000,67,15,11,Delayed,Delivered
1193,2025-08-02,P005,Keyboard,Accessories,S002,Global Electronics,5,1500,7500,81,27,9,Delayed,Pending
1194,2025-07-09,P005,Keyboard,Accessories,S003,Smart Supply Co,7,1500,10500,83,13,6,Delayed,Cancelled
1195,2025-07-08,P004,Monitor,Electronics,S003,Smart Supply Co,3,12000,36000,63,26,12,On Time,Delivered
1196,2025-08-27,P007,Headphones,Accessories,S003,Smart Supply Co,8,2500,20000,72,18,8,On Time,Delivered
1197,2025-01-18,P002,Mobile Phone,Electronics,S004,Prime Distributors,6,25000,150000,37,15,7,On Time,Delivered
1198,2025-06-22,P003,Tablet,Electronics,S001,Tech Supplier Ltd,9,18000,162000,36,21,4,Delayed,Cancelled
1199,2025-03-12,P007,Headphones,Accessories,S002,Global Electronics,18,2500,45000,99,11,8,On Time,Delivered
1200,2025-05-13,P006,Mouse,Accessories,S001,Tech Supplier Ltd,1,800,800,64,15,12,On Time,Delivered
1201,2025-07-12,P010,Desk,Furniture,S001,Tech Supplier Ltd,6,10000,60000,46,21,3,On Time,Cancelled
1202,2025-07-24,P009,Office Chair,Furniture,S004,Prime Distributors,9,7000,63000,25,11,6,On Time,Delivered
1203,2025-07-25,P006,Mouse,Accessories,S003,Smart Supply Co,5,800,4000,82,10,10,Delayed,Delivered
1204,2025-08-08,P001,Laptop,Electronics,S005,Reliable Suppliers,9,50000,450000,47,24,6,Delayed,Pending
1205,2025-09-07,P005,Keyboard,Accessories,S001,Tech Supplier Ltd,18,1500,27000,74,30,4,On Time,Delivered
1206,2025-03-07,P010,Desk,Furniture,S004,Prime Distributors,17,10000,170000,97,24,5,On Time,Delivered
1207,2025-09-28,P007,Headphones,Accessories,S001,Tech Supplier Ltd,19,2500,47500,90,17,5,On Time,Cancelled
1208,2025-06-10,P007,Headphones,Accessories,S003,Smart Supply Co,12,2500,30000,31,27,8,On Time,Delivered
1209,2025-10-14,P002,Mobile Phone,Electronics,S005,Reliable Suppliers,11,25000,275000,27,14,4,On Time,Delivered
1210,2025-03-02,P006,Mouse,Accessories,S001,Tech Supplier Ltd,9,800,7200,93,21,5,On Time,Delivered
1211,2025-09-22,P005,Keyboard,Accessories,S002,Global Electronics,1,1500,1500,97,17,7,On Time,Delivered
1212,2025-09-23,P007,Headphones,Accessories,S001,Tech Supplier Ltd,20,2500,50000,45,15,11,Delayed,Cancelled
1213,2025-08-29,P010,Desk,Furniture,S003,Smart Supply Co,20,10000,200000,68,10,8,On Time,Delivered
1214,2025-05-14,P010,Desk,Furniture,S001,Tech Supplier Ltd,4,10000,40000,79,21,10,Delayed,Cancelled
1215,2025-11-06,P007,Headphones,Accessories,S005,Reliable Suppliers,17,2500,42500,11,18,12,Delayed,Delivered
1216,2025-04-15,P010,Desk,Furniture,S005,Reliable Suppliers,19,10000,190000,86,25,4,On Time,Delivered
1217,2025-01-06,P003,Tablet,Electronics,S005,Reliable Suppliers,9,18000,162000,82,20,8,On Time,Pending
1218,2025-03-05,P005,Keyboard,Accessories,S001,Tech Supplier Ltd,2,1500,3000,97,20,10,On Time,Delivered
1219,2025-02-20,P006,Mouse,Accessories,S004,Prime Distributors,20,800,16000,75,16,11,On Time,Delivered
1220,2025-04-05,P004,Monitor,Electronics,S005,Reliable Suppliers,6,12000,72000,46,22,5,On Time,Delivered
1221,2025-03-30,P005,Keyboard,Accessories,S003,Smart Supply Co,2,1500,3000,87,11,4,On Time,Delivered
1222,2025-12-03,P008,Printer,Office,S005,Reliable Suppliers,19,15000,285000,7,14,7,On Time,Delivered
1223,2025-10-13,P005,Keyboard,Accessories,S004,Prime Distributors,11,1500,16500,43,12,2,Delayed,Delivered
1224,2025-08-27,P006,Mouse,Accessories,S005,Reliable Suppliers,6,800,4800,83,27,2,On Time,Delivered
1225,2025-10-11,P005,Keyboard,Accessories,S002,Global Electronics,20,1500,30000,53,27,6,Delayed,Cancelled
1226,2025-10-09,P003,Tablet,Electronics,S005,Reliable Suppliers,13,18000,234000,27,23,8,On Time,Delivered
1227,2025-06-08,P001,Laptop,Electronics,S004,Prime Distributors,5,50000,250000,79,14,5,On Time,Delivered
1228,2025-01-05,P008,Printer,Office,S005,Reliable Suppliers,15,15000,225000,36,28,3,On Time,Delivered
1229,2025-04-23,P005,Keyboard,Accessories,S003,Smart Supply Co,2,1500,3000,78,19,4,On Time,Cancelled
1230,2025-07-22,P007,Headphones,Accessories,S004,Prime Distributors,18,2500,45000,45,18,11,On Time,Delivered
1231,2025-05-26,P006,Mouse,Accessories,S005,Reliable Suppliers,17,800,13600,30,17,8,On Time,Cancelled
1232,2025-01-25,P003,Tablet,Electronics,S003,Smart Supply Co,4,18000,72000,84,15,6,On Time,Delivered
1233,2025-08-21,P008,Printer,Office,S002,Global Electronics,18,15000,270000,95,21,4,On Time,Delivered
1234,2025-01-18,P010,Desk,Furniture,S002,Global Electronics,3,10000,30000,66,30,6,On Time,Cancelled
1235,2025-12-26,P002,Mobile Phone,Electronics,S003,Smart Supply Co,1,25000,25000,8,15,11,Delayed,Cancelled
1236,2025-10-11,P004,Monitor,Electronics,S001,Tech Supplier Ltd,9,12000,108000,70,24,10,On Time,Pending
1237,2025-08-23,P001,Laptop,Electronics,S004,Prime Distributors,10,50000,500000,74,29,6,Delayed,Delivered
1238,2025-06-10,P008,Printer,Office,S003,Smart Supply Co,15,15000,225000,42,13,9,Delayed,Cancelled
1239,2025-02-23,P002,Mobile Phone,Electronics,S004,Prime Distributors,1,25000,25000,28,22,3,Delayed,Delivered
1240,2025-11-09,P006,Mouse,Accessories,S002,Global Electronics,9,800,7200,23,14,3,Delayed,Cancelled
1241,2025-11-07,P002,Mobile Phone,Electronics,S003,Smart Supply Co,16,25000,400000,70,29,5,Delayed,Cancelled
1242,2025-10-10,P003,Tablet,Electronics,S005,Reliable Suppliers,10,18000,180000,12,21,8,On Time,Delivered
1243,2025-07-06,P002,Mobile Phone,Electronics,S004,Prime Distributors,20,25000,500000,44,27,10,On Time,Delivered
1244,2025-02-02,P006,Mouse,Accessories,S001,Tech Supplier Ltd,16,800,12800,22,22,9,Delayed,Delivered
1245,2025-12-13,P007,Headphones,Accessories,S004,Prime Distributors,12,2500,30000,83,26,9,On Time,Delivered
1246,2025-02-10,P003,Tablet,Electronics,S001,Tech Supplier Ltd,20,18000,360000,11,26,8,On Time,Delivered
1247,2025-02-05,P001,Laptop,Electronics,S003,Smart Supply Co,17,50000,850000,77,24,12,On Time,Delivered
1248,2025-10-12,P008,Printer,Office,S003,Smart Supply Co,8,15000,120000,32,30,8,Delayed,Delivered
1249,2025-02-19,P007,Headphones,Accessories,S005,Reliable Suppliers,14,2500,35000,81,11,2,Delayed,Delivered
1250,2025-11-02,P001,Laptop,Electronics,S003,Smart Supply Co,9,50000,450000,68,29,12,Delayed,Pending
1251,2025-01-02,P004,Monitor,Electronics,S001,Tech Supplier Ltd,10,12000,120000,85,23,7,Delayed,Cancelled
1252,2025-08-09,P005,Keyboard,Accessories,S003,Smart Supply Co,11,1500,16500,65,14,3,On Time,Cancelled
1253,2025-07-28,P008,Printer,Office,S002,Global Electronics,18,15000,270000,46,11,10,Delayed,Delivered
1254,2025-09-27,P009,Office Chair,Furniture,S005,Reliable Suppliers,13,7000,91000,77,27,2,On Time,Pending
1255,2025-08-12,P010,Desk,Furniture,S003,Smart Supply Co,16,10000,160000,39,27,5,On Time,Delivered
1256,2025-10-11,P005,Keyboard,Accessories,S001,Tech Supplier Ltd,18,1500,27000,24,16,2,On Time,Pending
1257,2025-10-15,P008,Printer,Office,S005,Reliable Suppliers,4,15000,60000,82,23,9,Delayed,Delivered
1258,2025-03-16,P004,Monitor,Electronics,S004,Prime Distributors,20,12000,240000,36,24,10,Delayed,Cancelled
1259,2025-03-23,P009,Office Chair,Furniture,S003,Smart Supply Co,1,7000,7000,15,24,11,On Time,Cancelled
1260,2025-05-11,P007,Headphones,Accessories,S005,Reliable Suppliers,5,2500,12500,45,17,10,Delayed,Pending
1261,2025-06-18,P010,Desk,Furniture,S001,Tech Supplier Ltd,12,10000,120000,94,13,11,Delayed,Delivered
1262,2025-03-07,P010,Desk,Furniture,S002,Global Electronics,14,10000,140000,33,10,4,On Time,Delivered
1263,2025-11-03,P001,Laptop,Electronics,S003,Smart Supply Co,18,50000,900000,55,29,2,Delayed,Delivered
1264,2025-07-03,P007,Headphones,Accessories,S005,Reliable Suppliers,18,2500,45000,88,26,12,On Time,Cancelled
1265,2025-04-28,P005,Keyboard,Accessories,S003,Smart Supply Co,17,1500,25500,85,11,4,Delayed,Delivered
1266,2025-05-19,P003,Tablet,Electronics,S003,Smart Supply Co,8,18000,144000,24,20,11,Delayed,Pending
1267,2025-12-28,P005,Keyboard,Accessories,S004,Prime Distributors,3,1500,4500,28,14,11,On Time,Delivered
1268,2025-12-02,P001,Laptop,Electronics,S001,Tech Supplier Ltd,16,50000,800000,60,15,2,Delayed,Delivered
1269,2025-03-04,P010,Desk,Furniture,S004,Prime Distributors,7,10000,70000,75,20,5,On Time,Delivered
1270,2025-09-24,P004,Monitor,Electronics,S001,Tech Supplier Ltd,7,12000,84000,94,18,11,On Time,Pending
1271,2025-01-18,P005,Keyboard,Accessories,S003,Smart Supply Co,13,1500,19500,19,13,11,Delayed,Delivered
1272,2025-06-11,P010,Desk,Furniture,S002,Global Electronics,12,10000,120000,57,29,5,On Time,Cancelled
1273,2025-09-08,P007,Headphones,Accessories,S002,Global Electronics,7,2500,17500,17,24,7,On Time,Delivered
1274,2025-05-17,P008,Printer,Office,S001,Tech Supplier Ltd,20,15000,300000,44,24,11,Delayed,Pending
1275,2025-10-12,P006,Mouse,Accessories,S005,Reliable Suppliers,7,800,5600,100,10,8,On Time,Cancelled
1276,2025-01-20,P002,Mobile Phone,Electronics,S001,Tech Supplier Ltd,18,25000,450000,95,30,9,On Time,Delivered
1277,2025-05-06,P008,Printer,Office,S004,Prime Distributors,6,15000,90000,13,15,6,On Time,Cancelled
1278,2025-02-25,P010,Desk,Furniture,S005,Reliable Suppliers,4,10000,40000,29,26,3,On Time,Pending
1279,2025-01-30,P002,Mobile Phone,Electronics,S001,Tech Supplier Ltd,6,25000,150000,10,17,8,On Time,Cancelled
1280,2025-04-24,P007,Headphones,Accessories,S001,Tech Supplier Ltd,20,2500,50000,49,12,11,Delayed,Delivered
1281,2025-06-20,P007,Headphones,Accessories,S005,Reliable Suppliers,17,2500,42500,99,25,9,On Time,Delivered
1282,2025-08-24,P009,Office Chair,Furniture,S001,Tech Supplier Ltd,6,7000,42000,31,25,5,On Time,Delivered
1283,2025-09-11,P001,Laptop,Electronics,S001,Tech Supplier Ltd,12,50000,600000,9,24,12,On Time,Pending
1284,2025-03-05,P007,Headphones,Accessories,S004,Prime Distributors,17,2500,42500,31,18,4,On Time,Delivered
1285,2025-10-09,P001,Laptop,Electronics,S005,Reliable Suppliers,9,50000,450000,84,25,7,On Time,Delivered
1286,2025-06-29,P002,Mobile Phone,Electronics,S004,Prime Distributors,20,25000,500000,56,22,6,On Time,Delivered
1287,2025-10-01,P008,Printer,Office,S005,Reliable Suppliers,16,15000,240000,99,18,7,On Time,Pending
1288,2025-04-03,P003,Tablet,Electronics,S005,Reliable Suppliers,15,18000,270000,40,16,2,Delayed,Cancelled
1289,2025-04-10,P008,Printer,Office,S003,Smart Supply Co,15,15000,225000,68,25,7,On Time,Delivered
1290,2025-12-17,P003,Tablet,Electronics,S002,Global Electronics,4,18000,72000,14,11,8,On Time,Delivered
1291,2025-11-23,P002,Mobile Phone,Electronics,S001,Tech Supplier Ltd,19,25000,475000,32,11,5,Delayed,Pending
1292,2025-01-25,P007,Headphones,Accessories,S004,Prime Distributors,4,2500,10000,93,26,5,On Time,Delivered
1293,2025-02-14,P003,Tablet,Electronics,S004,Prime Distributors,17,18000,306000,62,22,4,On Time,Pending
1294,2025-05-12,P004,Monitor,Electronics,S002,Global Electronics,11,12000,132000,58,22,11,On Time,Delivered
1295,2025-08-01,P006,Mouse,Accessories,S003,Smart Supply Co,14,800,11200,92,10,8,On Time,Delivered
1296,2025-12-09,P007,Headphones,Accessories,S005,Reliable Suppliers,13,2500,32500,36,11,8,Delayed,Delivered
1297,2025-03-02,P007,Headphones,Accessories,S004,Prime Distributors,8,2500,20000,28,18,11,On Time,Delivered
1298,2025-03-19,P001,Laptop,Electronics,S002,Global Electronics,17,50000,850000,25,14,8,On Time,Delivered
1299,2025-09-22,P002,Mobile Phone,Electronics,S004,Prime Distributors,3,25000,75000,13,24,10,Delayed,Delivered
1300,2025-03-04,P005,Keyboard,Accessories,S001,Tech Supplier Ltd,15,1500,22500,56,21,7,On Time,Cancelled
1301,2025-10-25,P008,Printer,Office,S003,Smart Supply Co,20,15000,300000,46,30,8,Delayed,Delivered
1302,2025-01-12,P010,Desk,Furniture,S001,Tech Supplier Ltd,14,10000,140000,42,18,12,Delayed,Cancelled
1303,2025-06-10,P007,Headphones,Accessories,S003,Smart Supply Co,16,2500,40000,98,28,2,On Time,Delivered
1304,2025-10-16,P004,Monitor,Electronics,S002,Global Electronics,12,12000,144000,62,28,8,On Time,Delivered
1305,2025-02-16,P007,Headphones,Accessories,S001,Tech Supplier Ltd,3,2500,7500,74,20,3,On Time,Delivered
1306,2025-05-15,P006,Mouse,Accessories,S003,Smart Supply Co,6,800,4800,78,20,4,On Time,Pending
1307,2025-07-10,P007,Headphones,Accessories,S001,Tech Supplier Ltd,1,2500,2500,33,23,5,Delayed,Delivered
1308,2025-12-18,P008,Printer,Office,S002,Global Electronics,2,15000,30000,32,14,9,On Time,Pending
1309,2025-09-13,P010,Desk,Furniture,S002,Global Electronics,1,10000,10000,61,13,2,Delayed,Delivered
1310,2025-10-01,P007,Headphones,Accessories,S004,Prime Distributors,4,2500,10000,5,29,5,On Time,Delivered
1311,2025-04-14,P008,Printer,Office,S001,Tech Supplier Ltd,13,15000,195000,89,30,4,On Time,Delivered
1312,2025-06-14,P002,Mobile Phone,Electronics,S005,Reliable Suppliers,14,25000,350000,96,13,7,Delayed,Delivered
1313,2025-08-09,P006,Mouse,Accessories,S001,Tech Supplier Ltd,16,800,12800,89,25,7,On Time,Cancelled
1314,2025-07-12,P003,Tablet,Electronics,S001,Tech Supplier Ltd,18,18000,324000,97,23,4,Delayed,Pending
1315,2025-09-10,P003,Tablet,Electronics,S005,Reliable Suppliers,5,18000,90000,84,16,2,On Time,Delivered
1316,2025-03-17,P010,Desk,Furniture,S003,Smart Supply Co,12,10000,120000,5,29,5,On Time,Delivered
1317,2025-07-07,P001,Laptop,Electronics,S005,Reliable Suppliers,12,50000,600000,6,22,10,On Time,Cancelled
1318,2025-05-08,P010,Desk,Furniture,S002,Global Electronics,11,10000,110000,71,26,9,Delayed,Delivered
1319,2025-10-18,P007,Headphones,Accessories,S002,Global Electronics,5,2500,12500,31,23,3,On Time,Pending
1320,2025-10-21,P008,Printer,Office,S003,Smart Supply Co,1,15000,15000,70,14,12,Delayed,Delivered
1321,2025-01-06,P010,Desk,Furniture,S005,Reliable Suppliers,12,10000,120000,69,27,9,Delayed,Cancelled
1322,2025-07-04,P005,Keyboard,Accessories,S001,Tech Supplier Ltd,12,1500,18000,57,16,11,Delayed,Delivered
1323,2025-10-22,P006,Mouse,Accessories,S001,Tech Supplier Ltd,15,800,12000,50,29,2,On Time,Delivered
1324,2025-03-31,P005,Keyboard,Accessories,S004,Prime Distributors,13,1500,19500,34,18,10,Delayed,Delivered
1325,2025-05-20,P002,Mobile Phone,Electronics,S002,Global Electronics,15,25000,375000,94,26,2,On Time,Delivered
1326,2025-06-25,P003,Tablet,Electronics,S001,Tech Supplier Ltd,10,18000,180000,38,23,7,Delayed,Cancelled
1327,2025-09-07,P005,Keyboard,Accessories,S005,Reliable Suppliers,3,1500,4500,11,16,7,On Time,Cancelled
1328,2025-09-20,P001,Laptop,Electronics,S001,Tech Supplier Ltd,20,50000,1000000,17,21,11,Delayed,Pending
1329,2025-12-30,P007,Headphones,Accessories,S002,Global Electronics,8,2500,20000,72,16,4,Delayed,Delivered
1330,2025-05-20,P006,Mouse,Accessories,S004,Prime Distributors,4,800,3200,54,25,3,Delayed,Delivered
1331,2025-04-04,P001,Laptop,Electronics,S003,Smart Supply Co,19,50000,950000,93,12,6,Delayed,Cancelled
1332,2025-11-06,P001,Laptop,Electronics,S001,Tech Supplier Ltd,19,50000,950000,83,22,4,On Time,Delivered
1333,2025-07-10,P010,Desk,Furniture,S002,Global Electronics,15,10000,150000,45,30,11,On Time,Cancelled
1334,2025-02-26,P003,Tablet,Electronics,S002,Global Electronics,17,18000,306000,20,10,9,Delayed,Cancelled
1335,2025-05-17,P006,Mouse,Accessories,S001,Tech Supplier Ltd,6,800,4800,69,17,2,Delayed,Delivered
1336,2025-06-05,P005,Keyboard,Accessories,S002,Global Electronics,11,1500,16500,41,19,12,Delayed,Pending
1337,2025-02-15,P003,Tablet,Electronics,S002,Global Electronics,5,18000,90000,20,30,8,On Time,Pending
1338,2025-08-24,P008,Printer,Office,S003,Smart Supply Co,17,15000,255000,83,15,11,On Time,Delivered
1339,2025-03-27,P004,Monitor,Electronics,S004,Prime Distributors,6,12000,72000,68,12,12,On Time,Delivered
1340,2025-07-01,P008,Printer,Office,S002,Global Electronics,7,15000,105000,38,13,12,On Time,Delivered
1341,2025-01-17,P006,Mouse,Accessories,S003,Smart Supply Co,14,800,11200,47,27,5,Delayed,Delivered
1342,2025-04-09,P003,Tablet,Electronics,S002,Global Electronics,14,18000,252000,70,16,11,On Time,Delivered
1343,2025-01-03,P002,Mobile Phone,Electronics,S001,Tech Supplier Ltd,11,25000,275000,75,15,7,On Time,Cancelled
1344,2025-02-05,P010,Desk,Furniture,S003,Smart Supply Co,19,10000,190000,6,18,8,Delayed,Delivered
1345,2025-04-02,P001,Laptop,Electronics,S005,Reliable Suppliers,15,50000,750000,14,17,12,Delayed,Cancelled
1346,2025-07-30,P010,Desk,Furniture,S003,Smart Supply Co,3,10000,30000,17,12,2,Delayed,Pending
1347,2025-11-25,P002,Mobile Phone,Electronics,S001,Tech Supplier Ltd,5,25000,125000,64,19,6,On Time,Delivered
1348,2025-04-28,P004,Monitor,Electronics,S004,Prime Distributors,20,12000,240000,95,18,10,Delayed,Delivered
1349,2025-08-21,P003,Tablet,Electronics,S004,Prime Distributors,15,18000,270000,65,23,10,On Time,Cancelled
1350,2025-06-27,P007,Headphones,Accessories,S004,Prime Distributors,4,2500,10000,35,22,5,On Time,Delivered
1351,2025-12-30,P008,Printer,Office,S003,Smart Supply Co,10,15000,150000,24,12,2,On Time,Pending
1352,2025-06-02,P002,Mobile Phone,Electronics,S001,Tech Supplier Ltd,3,25000,75000,51,10,3,Delayed,Delivered
1353,2025-10-15,P002,Mobile Phone,Electronics,S002,Global Electronics,4,25000,100000,68,26,5,On Time,Delivered
1354,2025-01-21,P009,Office Chair,Furniture,S005,Reliable Suppliers,19,7000,133000,21,24,4,Delayed,Delivered
1355,2025-06-20,P008,Printer,Office,S003,Smart Supply Co,9,15000,135000,65,20,7,On Time,Delivered
1356,2025-01-29,P007,Headphones,Accessories,S004,Prime Distributors,16,2500,40000,75,19,5,Delayed,Delivered
1357,2025-04-19,P003,Tablet,Electronics,S001,Tech Supplier Ltd,17,18000,306000,86,16,5,On Time,Delivered
1358,2025-09-19,P005,Keyboard,Accessories,S002,Global Electronics,4,1500,6000,67,16,5,On Time,Cancelled
1359,2025-03-28,P002,Mobile Phone,Electronics,S003,Smart Supply Co,2,25000,50000,48,28,7,On Time,Delivered
1360,2025-01-29,P004,Monitor,Electronics,S005,Reliable Suppliers,1,12000,12000,32,17,8,Delayed,Delivered
1361,2025-07-11,P009,Office Chair,Furniture,S001,Tech Supplier Ltd,16,7000,112000,69,17,10,On Time,Delivered
1362,2025-02-20,P005,Keyboard,Accessories,S005,Reliable Suppliers,10,1500,15000,89,14,10,On Time,Delivered
1363,2025-06-24,P010,Desk,Furniture,S005,Reliable Suppliers,1,10000,10000,5,22,2,Delayed,Delivered
1364,2025-12-02,P001,Laptop,Electronics,S004,Prime Distributors,7,50000,350000,9,11,8,On Time,Delivered
1365,2025-12-03,P006,Mouse,Accessories,S002,Global Electronics,2,800,1600,65,10,8,Delayed,Delivered
1366,2025-05-25,P004,Monitor,Electronics,S005,Reliable Suppliers,9,12000,108000,28,28,8,On Time,Delivered
1367,2025-11-29,P002,Mobile Phone,Electronics,S004,Prime Distributors,13,25000,325000,56,20,7,Delayed,Delivered
1368,2025-04-12,P003,Tablet,Electronics,S001,Tech Supplier Ltd,3,18000,54000,8,23,4,Delayed,Delivered
1369,2025-02-12,P007,Headphones,Accessories,S001,Tech Supplier Ltd,15,2500,37500,52,23,2,Delayed,Delivered
1370,2025-07-07,P003,Tablet,Electronics,S001,Tech Supplier Ltd,18,18000,324000,74,20,6,On Time,Delivered
1371,2025-08-29,P001,Laptop,Electronics,S003,Smart Supply Co,8,50000,400000,88,11,6,On Time,Cancelled
1372,2025-07-16,P006,Mouse,Accessories,S001,Tech Supplier Ltd,2,800,1600,74,22,3,On Time,Delivered
1373,2025-04-15,P001,Laptop,Electronics,S003,Smart Supply Co,14,50000,700000,27,20,7,On Time,Delivered
1374,2025-03-18,P009,Office Chair,Furniture,S001,Tech Supplier Ltd,20,7000,140000,76,24,2,On Time,Delivered
1375,2025-04-15,P010,Desk,Furniture,S003,Smart Supply Co,4,10000,40000,67,27,5,Delayed,Cancelled
1376,2025-12-30,P003,Tablet,Electronics,S001,Tech Supplier Ltd,1,18000,18000,11,30,8,On Time,Delivered
1377,2025-07-29,P005,Keyboard,Accessories,S001,Tech Supplier Ltd,19,1500,28500,36,12,11,On Time,Delivered
1378,2025-01-31,P009,Office Chair,Furniture,S001,Tech Supplier Ltd,12,7000,84000,51,10,11,On Time,Delivered
1379,2025-01-25,P009,Office Chair,Furniture,S005,Reliable Suppliers,16,7000,112000,26,22,9,On Time,Pending
1380,2025-10-07,P004,Monitor,Electronics,S004,Prime Distributors,1,12000,12000,25,27,8,Delayed,Delivered
1381,2025-12-26,P005,Keyboard,Accessories,S003,Smart Supply Co,3,1500,4500,50,20,12,On Time,Delivered
1382,2025-05-24,P004,Monitor,Electronics,S003,Smart Supply Co,9,12000,108000,31,11,12,On Time,Delivered
1383,2025-10-19,P001,Laptop,Electronics,S005,Reliable Suppliers,17,50000,850000,92,24,3,On Time,Delivered
1384,2025-12-30,P001,Laptop,Electronics,S005,Reliable Suppliers,19,50000,950000,52,27,10,Delayed,Delivered
1385,2025-10-24,P001,Laptop,Electronics,S001,Tech Supplier Ltd,1,50000,50000,48,24,9,On Time,Delivered
1386,2025-12-25,P004,Monitor,Electronics,S001,Tech Supplier Ltd,9,12000,108000,33,19,6,Delayed,Pending
1387,2025-03-22,P002,Mobile Phone,Electronics,S002,Global Electronics,19,25000,475000,67,18,6,Delayed,Delivered
1388,2025-04-26,P007,Headphones,Accessories,S003,Smart Supply Co,3,2500,7500,70,20,7,On Time,Delivered
1389,2025-08-20,P008,Printer,Office,S001,Tech Supplier Ltd,3,15000,45000,41,10,5,Delayed,Pending
1390,2025-01-28,P006,Mouse,Accessories,S004,Prime Distributors,17,800,13600,7,30,11,On Time,Delivered
1391,2025-01-10,P008,Printer,Office,S001,Tech Supplier Ltd,1,15000,15000,78,13,11,On Time,Delivered
1392,2025-12-16,P006,Mouse,Accessories,S004,Prime Distributors,6,800,4800,82,20,6,On Time,Pending
1393,2025-01-11,P008,Printer,Office,S003,Smart Supply Co,6,15000,90000,98,17,6,On Time,Pending
1394,2025-04-15,P002,Mobile Phone,Electronics,S003,Smart Supply Co,13,25000,325000,39,15,7,On Time,Delivered
1395,2025-08-04,P007,Headphones,Accessories,S003,Smart Supply Co,3,2500,7500,65,23,4,On Time,Pending
1396,2025-08-23,P006,Mouse,Accessories,S001,Tech Supplier Ltd,10,800,8000,23,27,9,On Time,Pending
1397,2025-01-21,P002,Mobile Phone,Electronics,S004,Prime Distributors,5,25000,125000,66,28,10,Delayed,Cancelled
1398,2025-05-19,P009,Office Chair,Furniture,S001,Tech Supplier Ltd,6,7000,42000,44,17,12,Delayed,Delivered
1399,2025-10-08,P001,Laptop,Electronics,S005,Reliable Suppliers,12,50000,600000,51,20,2,On Time,Cancelled
1400,2025-07-17,P001,Laptop,Electronics,S005,Reliable Suppliers,17,50000,850000,53,29,11,On Time,Pending
1401,2025-05-20,P009,Office Chair,Furniture,S002,Global Electronics,17,7000,119000,97,24,6,Delayed,Delivered
1402,2025-09-24,P001,Laptop,Electronics,S004,Prime Distributors,17,50000,850000,11,21,2,Delayed,Delivered
1403,2025-11-18,P002,Mobile Phone,Electronics,S001,Tech Supplier Ltd,14,25000,350000,70,21,9,Delayed,Delivered
1404,2025-09-23,P003,Tablet,Electronics,S003,Smart Supply Co,15,18000,270000,18,26,12,On Time,Delivered
1405,2025-06-17,P002,Mobile Phone,Electronics,S002,Global Electronics,4,25000,100000,50,16,2,On Time,Delivered
1406,2025-06-25,P007,Headphones,Accessories,S004,Prime Distributors,3,2500,7500,97,21,11,Delayed,Cancelled
1407,2025-12-18,P002,Mobile Phone,Electronics,S003,Smart Supply Co,13,25000,325000,27,12,11,On Time,Pending
1408,2025-08-22,P001,Laptop,Electronics,S002,Global Electronics,20,50000,1000000,76,24,2,On Time,Cancelled
1409,2025-01-18,P005,Keyboard,Accessories,S003,Smart Supply Co,18,1500,27000,80,14,8,Delayed,Delivered
1410,2025-07-03,P002,Mobile Phone,Electronics,S002,Global Electronics,10,25000,250000,45,16,4,On Time,Cancelled
1411,2025-01-01,P010,Desk,Furniture,S005,Reliable Suppliers,9,10000,90000,71,16,12,On Time,Delivered
1412,2025-11-08,P004,Monitor,Electronics,S001,Tech Supplier Ltd,15,12000,180000,40,22,5,Delayed,Delivered
1413,2025-11-23,P009,Office Chair,Furniture,S004,Prime Distributors,3,7000,21000,50,18,9,Delayed,Delivered
1414,2025-07-27,P005,Keyboard,Accessories,S002,Global Electronics,8,1500,12000,71,17,12,On Time,Cancelled
1415,2025-10-05,P002,Mobile Phone,Electronics,S004,Prime Distributors,1,25000,25000,10,27,12,On Time,Delivered
1416,2025-10-01,P001,Laptop,Electronics,S002,Global Electronics,16,50000,800000,65,27,4,On Time,Delivered
1417,2025-10-14,P003,Tablet,Electronics,S002,Global Electronics,5,18000,90000,87,17,2,On Time,Pending
1418,2025-02-02,P004,Monitor,Electronics,S001,Tech Supplier Ltd,13,12000,156000,82,28,10,Delayed,Delivered
1419,2025-02-10,P004,Monitor,Electronics,S002,Global Electronics,17,12000,204000,40,10,12,Delayed,Cancelled
1420,2025-03-02,P006,Mouse,Accessories,S002,Global Electronics,15,800,12000,70,28,3,On Time,Pending
1421,2025-07-13,P003,Tablet,Electronics,S002,Global Electronics,8,18000,144000,66,27,9,Delayed,Delivered
1422,2025-11-08,P001,Laptop,Electronics,S004,Prime Distributors,7,50000,350000,11,26,4,Delayed,Delivered
1423,2025-11-25,P005,Keyboard,Accessories,S003,Smart Supply Co,3,1500,4500,9,30,10,Delayed,Delivered
1424,2025-06-11,P008,Printer,Office,S003,Smart Supply Co,14,15000,210000,50,10,11,Delayed,Delivered
1425,2025-05-11,P005,Keyboard,Accessories,S005,Reliable Suppliers,1,1500,1500,83,15,9,On Time,Cancelled
1426,2025-03-28,P001,Laptop,Electronics,S003,Smart Supply Co,18,50000,900000,84,24,4,Delayed,Delivered
1427,2025-07-16,P008,Printer,Office,S004,Prime Distributors,3,15000,45000,71,23,8,Delayed,Delivered
1428,2025-07-13,P005,Keyboard,Accessories,S004,Prime Distributors,15,1500,22500,85,10,7,Delayed,Pending
1429,2025-01-21,P010,Desk,Furniture,S005,Reliable Suppliers,5,10000,50000,73,12,11,Delayed,Cancelled
1430,2025-01-15,P004,Monitor,Electronics,S005,Reliable Suppliers,11,12000,132000,89,12,10,On Time,Cancelled
1431,2025-11-03,P007,Headphones,Accessories,S002,Global Electronics,6,2500,15000,23,12,6,Delayed,Delivered
1432,2025-10-13,P009,Office Chair,Furniture,S002,Global Electronics,14,7000,98000,63,12,9,On Time,Delivered
1433,2025-09-05,P002,Mobile Phone,Electronics,S005,Reliable Suppliers,11,25000,275000,67,14,4,Delayed,Cancelled
1434,2025-05-09,P004,Monitor,Electronics,S005,Reliable Suppliers,7,12000,84000,10,17,2,On Time,Delivered
1435,2025-01-23,P005,Keyboard,Accessories,S001,Tech Supplier Ltd,12,1500,18000,13,26,9,On Time,Delivered
1436,2025-09-25,P009,Office Chair,Furniture,S002,Global Electronics,10,7000,70000,20,26,10,Delayed,Delivered
1437,2025-05-16,P006,Mouse,Accessories,S005,Reliable Suppliers,12,800,9600,31,22,12,On Time,Delivered
1438,2025-01-29,P010,Desk,Furniture,S002,Global Electronics,20,10000,200000,80,27,10,On Time,Pending
1439,2025-04-30,P003,Tablet,Electronics,S004,Prime Distributors,7,18000,126000,51,11,9,On Time,Delivered
1440,2025-02-24,P008,Printer,Office,S002,Global Electronics,10,15000,150000,50,15,7,Delayed,Pending
1441,2025-03-19,P008,Printer,Office,S004,Prime Distributors,8,15000,120000,20,21,8,On Time,Pending
1442,2025-04-30,P010,Desk,Furniture,S001,Tech Supplier Ltd,16,10000,160000,23,25,9,Delayed,Cancelled
1443,2025-10-28,P002,Mobile Phone,Electronics,S005,Reliable Suppliers,10,25000,250000,70,28,8,On Time,Cancelled
1444,2025-10-09,P005,Keyboard,Accessories,S001,Tech Supplier Ltd,17,1500,25500,25,30,2,On Time,Delivered
1445,2025-12-19,P001,Laptop,Electronics,S002,Global Electronics,8,50000,400000,90,26,10,On Time,Cancelled
1446,2025-12-09,P001,Laptop,Electronics,S003,Smart Supply Co,17,50000,850000,40,19,6,Delayed,Delivered
1447,2025-07-24,P004,Monitor,Electronics,S002,Global Electronics,17,12000,204000,30,26,5,On Time,Delivered
1448,2025-06-07,P009,Office Chair,Furniture,S003,Smart Supply Co,20,7000,140000,7,16,8,Delayed,Cancelled
1449,2025-11-16,P002,Mobile Phone,Electronics,S003,Smart Supply Co,11,25000,275000,27,17,8,On Time,Delivered
1450,2025-12-05,P002,Mobile Phone,Electronics,S005,Reliable Suppliers,20,25000,500000,77,21,4,On Time,Delivered
1451,2025-12-21,P003,Tablet,Electronics,S003,Smart Supply Co,15,18000,270000,74,28,4,Delayed,Cancelled
1452,2025-08-02,P001,Laptop,Electronics,S001,Tech Supplier Ltd,19,50000,950000,77,29,9,On Time,Cancelled
1453,2025-11-06,P002,Mobile Phone,Electronics,S005,Reliable Suppliers,11,25000,275000,95,11,10,On Time,Delivered
1454,2025-03-10,P006,Mouse,Accessories,S004,Prime Distributors,10,800,8000,96,29,11,On Time,Delivered
1455,2025-05-28,P003,Tablet,Electronics,S003,Smart Supply Co,20,18000,360000,32,18,10,Delayed,Cancelled
1456,2025-09-09,P009,Office Chair,Furniture,S004,Prime Distributors,10,7000,70000,54,23,10,On Time,Delivered
1457,2025-09-07,P007,Headphones,Accessories,S004,Prime Distributors,14,2500,35000,85,29,4,On Time,Delivered
1458,2025-05-18,P001,Laptop,Electronics,S001,Tech Supplier Ltd,17,50000,850000,33,22,5,On Time,Delivered
1459,2025-07-08,P002,Mobile Phone,Electronics,S005,Reliable Suppliers,4,25000,100000,68,17,7,On Time,Delivered
1460,2025-11-27,P009,Office Chair,Furniture,S002,Global Electronics,19,7000,133000,15,22,11,Delayed,Pending
1461,2025-01-19,P003,Tablet,Electronics,S002,Global Electronics,20,18000,360000,52,14,12,On Time,Delivered
1462,2025-05-13,P002,Mobile Phone,Electronics,S005,Reliable Suppliers,2,25000,50000,28,30,10,On Time,Delivered
1463,2025-03-02,P010,Desk,Furniture,S002,Global Electronics,4,10000,40000,62,28,6,On Time,Pending
1464,2025-10-04,P008,Printer,Office,S003,Smart Supply Co,2,15000,30000,54,15,4,On Time,Pending
1465,2025-01-12,P009,Office Chair,Furniture,S001,Tech Supplier Ltd,9,7000,63000,60,13,5,Delayed,Pending
1466,2025-01-28,P010,Desk,Furniture,S003,Smart Supply Co,19,10000,190000,62,22,6,On Time,Cancelled
1467,2025-10-18,P005,Keyboard,Accessories,S004,Prime Distributors,16,1500,24000,12,13,5,Delayed,Delivered
1468,2025-07-04,P008,Printer,Office,S005,Reliable Suppliers,19,15000,285000,6,16,4,On Time,Cancelled
1469,2025-10-22,P003,Tablet,Electronics,S005,Reliable Suppliers,1,18000,18000,66,22,9,Delayed,Delivered
1470,2025-04-07,P006,Mouse,Accessories,S004,Prime Distributors,16,800,12800,87,21,3,On Time,Pending
1471,2025-04-24,P007,Headphones,Accessories,S003,Smart Supply Co,17,2500,42500,40,18,9,Delayed,Cancelled
1472,2025-11-13,P001,Laptop,Electronics,S005,Reliable Suppliers,14,50000,700000,26,20,8,Delayed,Pending
1473,2025-06-13,P008,Printer,Office,S002,Global Electronics,8,15000,120000,64,25,7,Delayed,Cancelled
1474,2025-12-18,P010,Desk,Furniture,S001,Tech Supplier Ltd,3,10000,30000,32,16,9,On Time,Delivered
1475,2025-11-24,P009,Office Chair,Furniture,S005,Reliable Suppliers,12,7000,84000,86,29,3,On Time,Cancelled
1476,2025-11-14,P002,Mobile Phone,Electronics,S005,Reliable Suppliers,9,25000,225000,89,16,2,On Time,Cancelled
1477,2025-11-28,P003,Tablet,Electronics,S002,Global Electronics,10,18000,180000,51,22,11,On Time,Cancelled
1478,2025-07-29,P009,Office Chair,Furniture,S005,Reliable Suppliers,1,7000,7000,93,29,4,On Time,Delivered
1479,2025-09-30,P007,Headphones,Accessories,S005,Reliable Suppliers,5,2500,12500,61,14,12,On Time,Cancelled
1480,2025-11-12,P004,Monitor,Electronics,S002,Global Electronics,11,12000,132000,6,25,5,Delayed,Delivered
1481,2025-10-03,P006,Mouse,Accessories,S001,Tech Supplier Ltd,6,800,4800,33,24,5,On Time,Delivered
1482,2025-01-23,P005,Keyboard,Accessories,S002,Global Electronics,16,1500,24000,91,29,8,Delayed,Delivered
1483,2025-08-19,P009,Office Chair,Furniture,S002,Global Electronics,2,7000,14000,91,11,8,Delayed,Pending
1484,2025-06-13,P004,Monitor,Electronics,S005,Reliable Suppliers,1,12000,12000,79,16,8,On Time,Delivered
1485,2025-04-04,P009,Office Chair,Furniture,S004,Prime Distributors,18,7000,126000,28,30,2,On Time,Delivered
1486,2025-11-29,P006,Mouse,Accessories,S004,Prime Distributors,4,800,3200,9,18,3,Delayed,Pending
1487,2025-01-18,P006,Mouse,Accessories,S002,Global Electronics,5,800,4000,89,11,6,Delayed,Delivered
1488,2025-05-27,P007,Headphones,Accessories,S004,Prime Distributors,5,2500,12500,90,11,12,Delayed,Pending
1489,2025-03-13,P001,Laptop,Electronics,S004,Prime Distributors,11,50000,550000,59,27,3,On Time,Delivered
1490,2025-09-17,P002,Mobile Phone,Electronics,S001,Tech Supplier Ltd,4,25000,100000,16,27,11,Delayed,Delivered
1491,2025-06-20,P007,Headphones,Accessories,S003,Smart Supply Co,17,2500,42500,76,15,7,On Time,Delivered
1492,2025-01-19,P010,Desk,Furniture,S002,Global Electronics,18,10000,180000,15,21,9,Delayed,Cancelled
1493,2025-08-28,P008,Printer,Office,S002,Global Electronics,18,15000,270000,36,25,11,Delayed,Delivered
1494,2025-02-10,P008,Printer,Office,S001,Tech Supplier Ltd,19,15000,285000,22,10,7,Delayed,Delivered
1495,2025-03-25,P009,Office Chair,Furniture,S003,Smart Supply Co,2,7000,14000,79,11,4,On Time,Pending
1496,2025-08-01,P009,Office Chair,Furniture,S004,Prime Distributors,9,7000,63000,24,10,11,On Time,Delivered
1497,2025-10-13,P010,Desk,Furniture,S003,Smart Supply Co,13,10000,130000,31,24,2,On Time,Delivered
1498,2025-06-07,P006,Mouse,Accessories,S002,Global Electronics,6,800,4800,67,18,10,Delayed,Delivered
1499,2025-09-24,P007,Headphones,Accessories,S005,Reliable Suppliers,18,2500,45000,23,19,12,On Time,Delivered
1500,2025-05-10,P008,Printer,Office,S005,Reliable Suppliers,15,15000,225000,30,22,2,On Time,Cancelled
1501,2025-11-25,P007,Headphones,Accessories,S004,Prime Distributors,2,2500,5000,43,15,7,On Time,Delivered
1502,2025-08-30,P004,Monitor,Electronics,S004,Prime Distributors,4,12000,48000,14,24,4,On Time,Delivered
1503,2025-04-14,P006,Mouse,Accessories,S004,Prime Distributors,20,800,16000,29,15,6,On Time,Cancelled
1504,2025-11-24,P004,Monitor,Electronics,S002,Global Electronics,1,12000,12000,53,10,7,On Time,Delivered
1505,2025-10-22,P006,Mouse,Accessories,S005,Reliable Suppliers,17,800,13600,60,21,6,Delayed,Pending
1506,2025-03-31,P005,Keyboard,Accessories,S001,Tech Supplier Ltd,11,1500,16500,13,14,10,On Time,Delivered
1507,2025-10-29,P004,Monitor,Electronics,S002,Global Electronics,17,12000,204000,88,17,6,Delayed,Delivered
1508,2025-02-19,P001,Laptop,Electronics,S004,Prime Distributors,10,50000,500000,8,19,6,On Time,Delivered
1509,2025-08-18,P002,Mobile Phone,Electronics,S002,Global Electronics,14,25000,350000,57,27,10,Delayed,Delivered
1510,2025-09-25,P009,Office Chair,Furniture,S002,Global Electronics,9,7000,63000,21,22,4,On Time,Cancelled
1511,2025-02-17,P005,Keyboard,Accessories,S001,Tech Supplier Ltd,2,1500,3000,17,25,4,On Time,Delivered
1512,2025-01-06,P009,Office Chair,Furniture,S004,Prime Distributors,16,7000,112000,87,29,12,Delayed,Delivered
1513,2025-06-11,P005,Keyboard,Accessories,S003,Smart Supply Co,13,1500,19500,87,18,6,On Time,Pending
1514,2025-05-30,P007,Headphones,Accessories,S005,Reliable Suppliers,13,2500,32500,73,11,9,Delayed,Cancelled
1515,2025-10-19,P005,Keyboard,Accessories,S005,Reliable Suppliers,4,1500,6000,62,29,3,Delayed,Cancelled
1516,2025-04-11,P006,Mouse,Accessories,S002,Global Electronics,14,800,11200,22,20,9,Delayed,Delivered
1517,2025-12-05,P002,Mobile Phone,Electronics,S003,Smart Supply Co,6,25000,150000,17,23,7,Delayed,Pending
1518,2025-02-02,P006,Mouse,Accessories,S003,Smart Supply Co,14,800,11200,60,29,7,Delayed,Cancelled
1519,2025-01-29,P007,Headphones,Accessories,S001,Tech Supplier Ltd,15,2500,37500,41,17,6,Delayed,Cancelled
1520,2025-10-19,P002,Mobile Phone,Electronics,S004,Prime Distributors,4,25000,100000,100,10,6,Delayed,Delivered
1521,2025-06-30,P010,Desk,Furniture,S002,Global Electronics,5,10000,50000,44,26,11,On Time,Pending
1522,2025-06-27,P003,Tablet,Electronics,S005,Reliable Suppliers,20,18000,360000,20,13,12,On Time,Delivered
1523,2025-01-04,P007,Headphones,Accessories,S002,Global Electronics,2,2500,5000,8,15,7,On Time,Pending
1524,2025-07-23,P002,Mobile Phone,Electronics,S005,Reliable Suppliers,10,25000,250000,41,26,7,On Time,Pending
1525,2025-04-27,P003,Tablet,Electronics,S002,Global Electronics,6,18000,108000,92,26,8,Delayed,Delivered
1526,2025-02-05,P008,Printer,Office,S004,Prime Distributors,19,15000,285000,26,27,10,On Time,Cancelled
1527,2025-06-04,P003,Tablet,Electronics,S001,Tech Supplier Ltd,6,18000,108000,11,26,7,On Time,Cancelled
1528,2025-05-19,P002,Mobile Phone,Electronics,S001,Tech Supplier Ltd,11,25000,275000,53,16,6,On Time,Cancelled
1529,2025-03-04,P002,Mobile Phone,Electronics,S004,Prime Distributors,9,25000,225000,78,18,4,On Time,Delivered
1530,2025-02-22,P006,Mouse,Accessories,S005,Reliable Suppliers,3,800,2400,54,25,6,Delayed,Delivered
1531,2025-01-19,P004,Monitor,Electronics,S001,Tech Supplier Ltd,13,12000,156000,87,17,9,Delayed,Cancelled
1532,2025-05-21,P002,Mobile Phone,Electronics,S003,Smart Supply Co,7,25000,175000,44,22,3,On Time,Delivered
1533,2025-03-22,P005,Keyboard,Accessories,S004,Prime Distributors,17,1500,25500,72,14,9,Delayed,Delivered
1534,2025-03-11,P008,Printer,Office,S005,Reliable Suppliers,14,15000,210000,53,20,5,On Time,Delivered
1535,2025-02-09,P007,Headphones,Accessories,S001,Tech Supplier Ltd,2,2500,5000,20,27,11,On Time,Delivered
1536,2025-04-20,P007,Headphones,Accessories,S004,Prime Distributors,7,2500,17500,20,23,7,Delayed,Delivered
1537,2025-01-06,P001,Laptop,Electronics,S004,Prime Distributors,15,50000,750000,72,23,9,On Time,Delivered
1538,2025-11-19,P003,Tablet,Electronics,S001,Tech Supplier Ltd,2,18000,36000,98,23,3,On Time,Delivered
1539,2025-11-14,P007,Headphones,Accessories,S004,Prime Distributors,9,2500,22500,40,18,5,On Time,Delivered
1540,2025-04-24,P004,Monitor,Electronics,S002,Global Electronics,20,12000,240000,49,12,11,On Time,Delivered
1541,2025-01-15,P006,Mouse,Accessories,S003,Smart Supply Co,20,800,16000,12,16,3,On Time,Delivered
1542,2025-02-26,P001,Laptop,Electronics,S005,Reliable Suppliers,6,50000,300000,29,23,11,On Time,Pending
1543,2025-04-15,P007,Headphones,Accessories,S004,Prime Distributors,7,2500,17500,75,12,5,On Time,Delivered
1544,2025-08-24,P007,Headphones,Accessories,S001,Tech Supplier Ltd,2,2500,5000,57,12,2,Delayed,Pending
1545,2025-10-28,P005,Keyboard,Accessories,S001,Tech Supplier Ltd,11,1500,16500,88,13,7,Delayed,Delivered
1546,2025-08-25,P009,Office Chair,Furniture,S001,Tech Supplier Ltd,6,7000,42000,9,30,8,On Time,Delivered
1547,2025-02-21,P002,Mobile Phone,Electronics,S001,Tech Supplier Ltd,10,25000,250000,45,19,10,Delayed,Pending
1548,2025-04-03,P001,Laptop,Electronics,S002,Global Electronics,2,50000,100000,89,30,9,Delayed,Delivered
1549,2025-09-21,P001,Laptop,Electronics,S005,Reliable Suppliers,10,50000,500000,67,11,4,Delayed,Delivered
1550,2025-06-01,P010,Desk,Furniture,S001,Tech Supplier Ltd,18,10000,180000,54,21,12,Delayed,Delivered
1551,2025-06-06,P001,Laptop,Electronics,S001,Tech Supplier Ltd,5,50000,250000,48,20,7,Delayed,Delivered
1552,2025-03-18,P009,Office Chair,Furniture,S004,Prime Distributors,12,7000,84000,30,16,4,On Time,Delivered
1553,2025-09-17,P002,Mobile Phone,Electronics,S002,Global Electronics,10,25000,250000,10,23,6,Delayed,Pending
1554,2025-08-05,P005,Keyboard,Accessories,S002,Global Electronics,18,1500,27000,63,12,9,On Time,Cancelled
1555,2025-05-24,P003,Tablet,Electronics,S005,Reliable Suppliers,1,18000,18000,75,21,8,On Time,Delivered
1556,2025-02-19,P008,Printer,Office,S005,Reliable Suppliers,12,15000,180000,71,21,2,Delayed,Cancelled
1557,2025-03-07,P003,Tablet,Electronics,S003,Smart Supply Co,7,18000,126000,84,20,7,On Time,Delivered
1558,2025-01-20,P004,Monitor,Electronics,S004,Prime Distributors,19,12000,228000,93,11,4,Delayed,Delivered
1559,2025-01-08,P008,Printer,Office,S001,Tech Supplier Ltd,5,15000,75000,45,16,8,On Time,Delivered
1560,2025-03-30,P003,Tablet,Electronics,S002,Global Electronics,1,18000,18000,69,17,3,Delayed,Cancelled
1561,2025-05-27,P010,Desk,Furniture,S005,Reliable Suppliers,3,10000,30000,59,30,5,On Time,Delivered
1562,2025-01-06,P008,Printer,Office,S002,Global Electronics,7,15000,105000,22,12,4,On Time,Delivered
1563,2025-10-30,P002,Mobile Phone,Electronics,S004,Prime Distributors,11,25000,275000,49,15,10,Delayed,Delivered
1564,2025-08-06,P001,Laptop,Electronics,S003,Smart Supply Co,15,50000,750000,64,16,8,On Time,Delivered
1565,2025-09-28,P009,Office Chair,Furniture,S001,Tech Supplier Ltd,19,7000,133000,50,15,7,On Time,Delivered
1566,2025-12-28,P010,Desk,Furniture,S002,Global Electronics,17,10000,170000,95,13,5,On Time,Delivered
1567,2025-01-14,P005,Keyboard,Accessories,S005,Reliable Suppliers,20,1500,30000,5,24,12,On Time,Delivered
1568,2025-08-14,P009,Office Chair,Furniture,S003,Smart Supply Co,11,7000,77000,32,26,2,On Time,Pending
1569,2025-06-13,P001,Laptop,Electronics,S004,Prime Distributors,4,50000,200000,15,24,8,On Time,Cancelled
1570,2025-04-25,P001,Laptop,Electronics,S003,Smart Supply Co,11,50000,550000,20,26,2,Delayed,Delivered
1571,2025-06-11,P008,Printer,Office,S003,Smart Supply Co,19,15000,285000,45,11,2,On Time,Delivered
1572,2025-09-15,P002,Mobile Phone,Electronics,S001,Tech Supplier Ltd,11,25000,275000,13,29,4,On Time,Cancelled
1573,2025-12-26,P007,Headphones,Accessories,S002,Global Electronics,3,2500,7500,33,25,11,On Time,Pending
1574,2025-09-04,P002,Mobile Phone,Electronics,S005,Reliable Suppliers,5,25000,125000,47,10,7,On Time,Delivered
1575,2025-07-01,P002,Mobile Phone,Electronics,S003,Smart Supply Co,14,25000,350000,55,24,12,On Time,Delivered
1576,2025-10-30,P007,Headphones,Accessories,S001,Tech Supplier Ltd,16,2500,40000,26,16,8,On Time,Delivered
1577,2025-06-08,P010,Desk,Furniture,S003,Smart Supply Co,17,10000,170000,61,14,12,Delayed,Cancelled
1578,2025-03-17,P001,Laptop,Electronics,S002,Global Electronics,8,50000,400000,72,11,2,Delayed,Delivered
1579,2025-07-22,P009,Office Chair,Furniture,S002,Global Electronics,9,7000,63000,19,21,8,On Time,Pending
1580,2025-05-24,P005,Keyboard,Accessories,S002,Global Electronics,18,1500,27000,63,30,12,On Time,Delivered
1581,2025-07-25,P004,Monitor,Electronics,S002,Global Electronics,7,12000,84000,18,24,4,Delayed,Delivered
1582,2025-09-05,P007,Headphones,Accessories,S001,Tech Supplier Ltd,12,2500,30000,61,13,2,On Time,Delivered
1583,2025-07-12,P002,Mobile Phone,Electronics,S003,Smart Supply Co,16,25000,400000,43,10,10,On Time,Cancelled
1584,2025-11-07,P003,Tablet,Electronics,S004,Prime Distributors,7,18000,126000,87,11,5,Delayed,Delivered
1585,2025-10-02,P005,Keyboard,Accessories,S002,Global Electronics,12,1500,18000,68,10,8,Delayed,Pending
1586,2025-10-12,P007,Headphones,Accessories,S004,Prime Distributors,7,2500,17500,90,10,3,On Time,Pending
1587,2025-01-03,P007,Headphones,Accessories,S005,Reliable Suppliers,18,2500,45000,40,16,3,Delayed,Delivered
1588,2025-06-04,P001,Laptop,Electronics,S003,Smart Supply Co,7,50000,350000,82,22,10,On Time,Delivered
1589,2025-05-29,P001,Laptop,Electronics,S004,Prime Distributors,13,50000,650000,45,30,10,On Time,Delivered
1590,2025-05-30,P003,Tablet,Electronics,S004,Prime Distributors,16,18000,288000,98,16,8,Delayed,Delivered
1591,2025-02-24,P009,Office Chair,Furniture,S001,Tech Supplier Ltd,11,7000,77000,83,21,12,Delayed,Delivered
1592,2025-08-21,P010,Desk,Furniture,S004,Prime Distributors,18,10000,180000,97,12,7,Delayed,Delivered
1593,2025-04-01,P009,Office Chair,Furniture,S005,Reliable Suppliers,15,7000,105000,58,13,2,On Time,Delivered
1594,2025-10-24,P007,Headphones,Accessories,S001,Tech Supplier Ltd,17,2500,42500,72,19,11,Delayed,Delivered
1595,2025-06-29,P002,Mobile Phone,Electronics,S002,Global Electronics,11,25000,275000,55,13,7,On Time,Cancelled
1596,2025-08-11,P003,Tablet,Electronics,S002,Global Electronics,2,18000,36000,77,18,12,On Time,Pending
1597,2025-05-04,P009,Office Chair,Furniture,S002,Global Electronics,12,7000,84000,17,17,3,On Time,Delivered
1598,2025-07-14,P007,Headphones,Accessories,S003,Smart Supply Co,10,2500,25000,70,20,3,Delayed,Cancelled
1599,2025-12-07,P005,Keyboard,Accessories,S005,Reliable Suppliers,8,1500,12000,57,10,2,Delayed,Pending
1600,2025-08-22,P001,Laptop,Electronics,S005,Reliable Suppliers,11,50000,550000,44,19,6,On Time,Delivered
1601,2025-11-20,P007,Headphones,Accessories,S002,Global Electronics,13,2500,32500,27,15,3,On Time,Cancelled
1602,2025-06-20,P002,Mobile Phone,Electronics,S002,Global Electronics,9,25000,225000,21,10,4,On Time,Cancelled
1603,2025-01-01,P003,Tablet,Electronics,S002,Global Electronics,7,18000,126000,99,27,4,On Time,Cancelled
1604,2025-09-28,P010,Desk,Furniture,S005,Reliable Suppliers,17,10000,170000,72,20,2,Delayed,Delivered
1605,2025-11-25,P001,Laptop,Electronics,S004,Prime Distributors,17,50000,850000,36,18,11,On Time,Cancelled
1606,2025-01-15,P004,Monitor,Electronics,S003,Smart Supply Co,16,12000,192000,51,27,3,On Time,Cancelled
1607,2025-05-18,P007,Headphones,Accessories,S005,Reliable Suppliers,20,2500,50000,35,29,3,On Time,Pending
1608,2025-01-30,P005,Keyboard,Accessories,S001,Tech Supplier Ltd,1,1500,1500,46,15,4,On Time,Pending
1609,2025-05-16,P006,Mouse,Accessories,S002,Global Electronics,20,800,16000,19,23,9,On Time,Cancelled
1610,2025-08-14,P009,Office Chair,Furniture,S005,Reliable Suppliers,14,7000,98000,86,22,4,Delayed,Cancelled
1611,2025-10-04,P010,Desk,Furniture,S002,Global Electronics,19,10000,190000,53,11,9,On Time,Delivered
1612,2025-06-01,P003,Tablet,Electronics,S003,Smart Supply Co,4,18000,72000,43,13,4,Delayed,Delivered
1613,2025-04-05,P005,Keyboard,Accessories,S003,Smart Supply Co,4,1500,6000,38,16,11,On Time,Cancelled
1614,2025-06-29,P008,Printer,Office,S001,Tech Supplier Ltd,8,15000,120000,14,26,8,Delayed,Delivered
1615,2025-09-09,P003,Tablet,Electronics,S002,Global Electronics,12,18000,216000,30,30,12,On Time,Pending
1616,2025-05-30,P007,Headphones,Accessories,S002,Global Electronics,4,2500,10000,47,18,10,On Time,Cancelled
1617,2025-12-06,P003,Tablet,Electronics,S004,Prime Distributors,5,18000,90000,30,27,12,On Time,Delivered
1618,2025-07-10,P002,Mobile Phone,Electronics,S003,Smart Supply Co,18,25000,450000,66,23,12,Delayed,Delivered
1619,2025-08-31,P010,Desk,Furniture,S002,Global Electronics,3,10000,30000,17,26,8,Delayed,Delivered
1620,2025-10-19,P008,Printer,Office,S001,Tech Supplier Ltd,5,15000,75000,67,28,11,On Time,Cancelled
1621,2025-09-30,P003,Tablet,Electronics,S002,Global Electronics,15,18000,270000,43,28,7,On Time,Delivered
1622,2025-01-17,P006,Mouse,Accessories,S005,Reliable Suppliers,19,800,15200,66,11,7,Delayed,Delivered
1623,2025-04-24,P004,Monitor,Electronics,S004,Prime Distributors,20,12000,240000,43,15,4,On Time,Cancelled
1624,2025-06-09,P005,Keyboard,Accessories,S001,Tech Supplier Ltd,20,1500,30000,88,10,11,Delayed,Delivered
1625,2025-09-10,P007,Headphones,Accessories,S005,Reliable Suppliers,1,2500,2500,58,22,9,Delayed,Delivered
1626,2025-04-15,P010,Desk,Furniture,S001,Tech Supplier Ltd,8,10000,80000,45,17,10,On Time,Delivered
1627,2025-04-24,P001,Laptop,Electronics,S005,Reliable Suppliers,11,50000,550000,87,12,4,Delayed,Pending
1628,2025-04-25,P009,Office Chair,Furniture,S005,Reliable Suppliers,9,7000,63000,89,25,4,Delayed,Delivered
1629,2025-10-28,P008,Printer,Office,S003,Smart Supply Co,12,15000,180000,14,24,9,On Time,Delivered
1630,2025-12-24,P002,Mobile Phone,Electronics,S002,Global Electronics,2,25000,50000,65,19,11,Delayed,Delivered
1631,2025-03-27,P010,Desk,Furniture,S004,Prime Distributors,7,10000,70000,5,22,9,On Time,Delivered
1632,2025-11-30,P009,Office Chair,Furniture,S005,Reliable Suppliers,2,7000,14000,56,15,8,On Time,Delivered
1633,2025-09-16,P001,Laptop,Electronics,S003,Smart Supply Co,5,50000,250000,55,17,3,On Time,Cancelled
1634,2025-03-05,P004,Monitor,Electronics,S003,Smart Supply Co,15,12000,180000,29,17,11,On Time,Delivered
1635,2025-12-27,P005,Keyboard,Accessories,S001,Tech Supplier Ltd,8,1500,12000,57,26,4,Delayed,Delivered
1636,2025-05-19,P004,Monitor,Electronics,S001,Tech Supplier Ltd,17,12000,204000,33,26,5,On Time,Pending
1637,2025-06-01,P003,Tablet,Electronics,S002,Global Electronics,11,18000,198000,22,12,4,On Time,Delivered
1638,2025-10-07,P008,Printer,Office,S001,Tech Supplier Ltd,14,15000,210000,64,24,10,On Time,Pending
1639,2025-10-20,P007,Headphones,Accessories,S002,Global Electronics,19,2500,47500,19,15,11,On Time,Pending
1640,2025-08-21,P002,Mobile Phone,Electronics,S003,Smart Supply Co,18,25000,450000,100,14,12,On Time,Delivered
1641,2025-03-10,P008,Printer,Office,S005,Reliable Suppliers,2,15000,30000,86,18,7,Delayed,Cancelled
1642,2025-05-15,P009,Office Chair,Furniture,S001,Tech Supplier Ltd,16,7000,112000,89,30,6,On Time,Delivered
1643,2025-08-31,P006,Mouse,Accessories,S004,Prime Distributors,19,800,15200,91,20,8,On Time,Cancelled
1644,2025-03-24,P006,Mouse,Accessories,S005,Reliable Suppliers,13,800,10400,42,22,4,On Time,Delivered
1645,2025-08-21,P004,Monitor,Electronics,S001,Tech Supplier Ltd,18,12000,216000,54,25,6,Delayed,Cancelled
1646,2025-12-11,P006,Mouse,Accessories,S003,Smart Supply Co,14,800,11200,84,30,12,On Time,Delivered
1647,2025-05-02,P002,Mobile Phone,Electronics,S003,Smart Supply Co,1,25000,25000,66,22,8,On Time,Delivered
1648,2025-03-19,P007,Headphones,Accessories,S003,Smart Supply Co,20,2500,50000,16,23,12,Delayed,Delivered
1649,2025-03-31,P008,Printer,Office,S003,Smart Supply Co,14,15000,210000,71,29,6,On Time,Delivered
1650,2025-02-19,P010,Desk,Furniture,S002,Global Electronics,4,10000,40000,33,17,10,Delayed,Delivered
1651,2025-10-15,P010,Desk,Furniture,S002,Global Electronics,11,10000,110000,77,18,3,On Time,Cancelled
1652,2025-09-26,P006,Mouse,Accessories,S001,Tech Supplier Ltd,8,800,6400,84,27,9,On Time,Delivered
1653,2025-11-05,P002,Mobile Phone,Electronics,S005,Reliable Suppliers,5,25000,125000,11,25,10,Delayed,Delivered
1654,2025-01-18,P005,Keyboard,Accessories,S002,Global Electronics,20,1500,30000,54,18,11,On Time,Delivered
1655,2025-01-05,P001,Laptop,Electronics,S003,Smart Supply Co,11,50000,550000,44,26,4,On Time,Pending
1656,2025-08-10,P009,Office Chair,Furniture,S005,Reliable Suppliers,3,7000,21000,67,21,8,On Time,Cancelled
1657,2025-02-20,P008,Printer,Office,S004,Prime Distributors,8,15000,120000,80,15,7,Delayed,Pending
1658,2025-11-16,P010,Desk,Furniture,S002,Global Electronics,15,10000,150000,85,29,11,On Time,Cancelled
1659,2025-06-06,P001,Laptop,Electronics,S004,Prime Distributors,14,50000,700000,42,22,12,Delayed,Cancelled
1660,2025-12-18,P004,Monitor,Electronics,S003,Smart Supply Co,19,12000,228000,49,12,9,On Time,Delivered
1661,2025-04-03,P001,Laptop,Electronics,S004,Prime Distributors,2,50000,100000,50,26,12,Delayed,Cancelled
1662,2025-05-22,P002,Mobile Phone,Electronics,S001,Tech Supplier Ltd,12,25000,300000,85,23,10,Delayed,Cancelled
1663,2025-07-18,P008,Printer,Office,S001,Tech Supplier Ltd,2,15000,30000,36,11,7,Delayed,Delivered
1664,2025-04-25,P001,Laptop,Electronics,S005,Reliable Suppliers,6,50000,300000,78,18,12,On Time,Cancelled
1665,2025-12-07,P004,Monitor,Electronics,S005,Reliable Suppliers,19,12000,228000,24,26,11,Delayed,Delivered
1666,2025-02-02,P007,Headphones,Accessories,S004,Prime Distributors,9,2500,22500,86,26,3,On Time,Cancelled
1667,2025-12-21,P004,Monitor,Electronics,S005,Reliable Suppliers,8,12000,96000,42,29,3,On Time,Cancelled
1668,2025-06-13,P005,Keyboard,Accessories,S003,Smart Supply Co,17,1500,25500,63,19,7,Delayed,Delivered
1669,2025-10-17,P008,Printer,Office,S005,Reliable Suppliers,5,15000,75000,31,28,11,On Time,Delivered
1670,2025-10-29,P008,Printer,Office,S002,Global Electronics,13,15000,195000,85,12,5,Delayed,Pending
1671,2025-05-25,P008,Printer,Office,S003,Smart Supply Co,7,15000,105000,63,28,4,On Time,Delivered
1672,2025-04-25,P010,Desk,Furniture,S001,Tech Supplier Ltd,8,10000,80000,76,15,3,Delayed,Cancelled
1673,2025-12-06,P009,Office Chair,Furniture,S003,Smart Supply Co,14,7000,98000,87,12,6,On Time,Cancelled
1674,2025-07-31,P005,Keyboard,Accessories,S005,Reliable Suppliers,9,1500,13500,53,21,2,Delayed,Delivered
1675,2025-06-05,P010,Desk,Furniture,S005,Reliable Suppliers,18,10000,180000,77,23,5,Delayed,Pending
1676,2025-06-07,P009,Office Chair,Furniture,S002,Global Electronics,3,7000,21000,25,17,2,Delayed,Pending
1677,2025-09-19,P003,Tablet,Electronics,S004,Prime Distributors,10,18000,180000,18,19,6,On Time,Cancelled
1678,2025-12-25,P003,Tablet,Electronics,S005,Reliable Suppliers,6,18000,108000,99,11,7,On Time,Delivered
1679,2025-03-11,P009,Office Chair,Furniture,S004,Prime Distributors,5,7000,35000,7,28,7,Delayed,Cancelled
1680,2025-09-04,P008,Printer,Office,S003,Smart Supply Co,15,15000,225000,39,30,10,On Time,Cancelled
1681,2025-07-18,P004,Monitor,Electronics,S002,Global Electronics,13,12000,156000,93,12,12,On Time,Delivered
1682,2025-05-30,P004,Monitor,Electronics,S004,Prime Distributors,2,12000,24000,28,27,12,Delayed,Pending
1683,2025-05-20,P007,Headphones,Accessories,S002,Global Electronics,2,2500,5000,21,25,4,On Time,Cancelled
1684,2025-01-01,P007,Headphones,Accessories,S003,Smart Supply Co,7,2500,17500,95,21,8,On Time,Pending
1685,2025-03-30,P004,Monitor,Electronics,S005,Reliable Suppliers,17,12000,204000,33,15,2,Delayed,Delivered
1686,2025-07-08,P005,Keyboard,Accessories,S003,Smart Supply Co,1,1500,1500,19,10,3,Delayed,Pending
1687,2025-01-12,P006,Mouse,Accessories,S003,Smart Supply Co,9,800,7200,88,13,9,On Time,Cancelled
1688,2025-10-11,P002,Mobile Phone,Electronics,S004,Prime Distributors,8,25000,200000,84,28,6,On Time,Pending
1689,2025-07-20,P004,Monitor,Electronics,S005,Reliable Suppliers,7,12000,84000,37,10,12,On Time,Pending
1690,2025-07-09,P010,Desk,Furniture,S002,Global Electronics,13,10000,130000,78,15,12,Delayed,Delivered
1691,2025-12-30,P010,Desk,Furniture,S003,Smart Supply Co,2,10000,20000,74,12,11,On Time,Delivered
1692,2025-01-07,P010,Desk,Furniture,S002,Global Electronics,12,10000,120000,33,23,7,On Time,Delivered
1693,2025-02-24,P010,Desk,Furniture,S004,Prime Distributors,3,10000,30000,42,10,12,Delayed,Cancelled
1694,2025-10-09,P005,Keyboard,Accessories,S003,Smart Supply Co,11,1500,16500,96,30,8,Delayed,Pending
1695,2025-01-15,P010,Desk,Furniture,S001,Tech Supplier Ltd,16,10000,160000,42,22,6,Delayed,Pending
1696,2025-10-14,P009,Office Chair,Furniture,S004,Prime Distributors,8,7000,56000,60,20,9,On Time,Delivered
1697,2025-09-15,P006,Mouse,Accessories,S005,Reliable Suppliers,14,800,11200,14,23,10,Delayed,Cancelled
1698,2025-04-02,P003,Tablet,Electronics,S002,Global Electronics,3,18000,54000,18,21,9,On Time,Pending
1699,2025-08-05,P008,Printer,Office,S005,Reliable Suppliers,2,15000,30000,39,20,8,Delayed,Cancelled
1700,2025-08-30,P010,Desk,Furniture,S004,Prime Distributors,7,10000,70000,88,19,7,Delayed,Delivered
1701,2025-07-27,P005,Keyboard,Accessories,S002,Global Electronics,16,1500,24000,15,22,12,Delayed,Delivered
1702,2025-08-28,P002,Mobile Phone,Electronics,S003,Smart Supply Co,9,25000,225000,23,22,6,On Time,Delivered
1703,2025-01-03,P004,Monitor,Electronics,S001,Tech Supplier Ltd,3,12000,36000,76,24,4,On Time,Delivered
1704,2025-07-18,P003,Tablet,Electronics,S004,Prime Distributors,13,18000,234000,95,27,3,On Time,Delivered
1705,2025-09-05,P004,Monitor,Electronics,S005,Reliable Suppliers,1,12000,12000,74,16,11,Delayed,Pending
1706,2025-03-17,P009,Office Chair,Furniture,S005,Reliable Suppliers,10,7000,70000,67,25,11,Delayed,Delivered
1707,2025-04-23,P004,Monitor,Electronics,S001,Tech Supplier Ltd,13,12000,156000,10,15,9,Delayed,Delivered
1708,2025-01-16,P008,Printer,Office,S001,Tech Supplier Ltd,5,15000,75000,66,14,9,Delayed,Delivered
1709,2025-04-21,P004,Monitor,Electronics,S004,Prime Distributors,16,12000,192000,38,30,5,On Time,Delivered
1710,2025-09-04,P008,Printer,Office,S002,Global Electronics,11,15000,165000,58,20,12,On Time,Pending
1711,2025-12-04,P006,Mouse,Accessories,S004,Prime Distributors,14,800,11200,96,11,9,On Time,Delivered
1712,2025-06-03,P010,Desk,Furniture,S002,Global Electronics,8,10000,80000,97,11,5,Delayed,Pending
1713,2025-05-22,P002,Mobile Phone,Electronics,S004,Prime Distributors,9,25000,225000,76,30,4,On Time,Delivered
1714,2025-01-28,P003,Tablet,Electronics,S005,Reliable Suppliers,11,18000,198000,69,10,9,On Time,Pending
1715,2025-10-18,P006,Mouse,Accessories,S001,Tech Supplier Ltd,15,800,12000,75,27,8,On Time,Delivered
1716,2025-03-03,P004,Monitor,Electronics,S001,Tech Supplier Ltd,8,12000,96000,54,27,8,On Time,Delivered
1717,2025-07-16,P008,Printer,Office,S004,Prime Distributors,13,15000,195000,22,18,5,On Time,Delivered
1718,2025-01-17,P007,Headphones,Accessories,S002,Global Electronics,6,2500,15000,99,26,3,On Time,Delivered
1719,2025-10-01,P008,Printer,Office,S005,Reliable Suppliers,8,15000,120000,58,20,8,On Time,Delivered
1720,2025-12-01,P007,Headphones,Accessories,S005,Reliable Suppliers,2,2500,5000,46,24,9,Delayed,Delivered
1721,2025-03-28,P006,Mouse,Accessories,S003,Smart Supply Co,7,800,5600,32,26,6,Delayed,Delivered
1722,2025-02-10,P002,Mobile Phone,Electronics,S002,Global Electronics,13,25000,325000,46,28,9,Delayed,Cancelled
1723,2025-12-30,P009,Office Chair,Furniture,S001,Tech Supplier Ltd,7,7000,49000,17,22,11,On Time,Delivered
1724,2025-09-06,P009,Office Chair,Furniture,S002,Global Electronics,1,7000,7000,33,23,3,On Time,Delivered
1725,2025-10-09,P009,Office Chair,Furniture,S001,Tech Supplier Ltd,15,7000,105000,63,18,9,Delayed,Delivered
1726,2025-10-20,P007,Headphones,Accessories,S005,Reliable Suppliers,17,2500,42500,81,14,7,On Time,Delivered
1727,2025-02-07,P010,Desk,Furniture,S002,Global Electronics,13,10000,130000,22,12,12,Delayed,Delivered
1728,2025-06-05,P005,Keyboard,Accessories,S001,Tech Supplier Ltd,20,1500,30000,31,28,9,On Time,Delivered
1729,2025-07-27,P004,Monitor,Electronics,S003,Smart Supply Co,4,12000,48000,86,22,4,On Time,Delivered
1730,2025-04-09,P009,Office Chair,Furniture,S001,Tech Supplier Ltd,12,7000,84000,38,23,5,On Time,Delivered
1731,2025-05-26,P007,Headphones,Accessories,S003,Smart Supply Co,18,2500,45000,93,19,8,On Time,Delivered
1732,2025-12-19,P002,Mobile Phone,Electronics,S003,Smart Supply Co,1,25000,25000,19,14,5,Delayed,Cancelled
1733,2025-06-23,P006,Mouse,Accessories,S001,Tech Supplier Ltd,11,800,8800,28,15,7,Delayed,Pending
1734,2025-01-04,P010,Desk,Furniture,S001,Tech Supplier Ltd,11,10000,110000,38,28,11,On Time,Cancelled
1735,2025-08-16,P006,Mouse,Accessories,S002,Global Electronics,9,800,7200,65,10,10,Delayed,Pending
1736,2025-12-31,P005,Keyboard,Accessories,S005,Reliable Suppliers,2,1500,3000,63,17,2,Delayed,Delivered
1737,2025-09-11,P002,Mobile Phone,Electronics,S002,Global Electronics,13,25000,325000,40,27,12,On Time,Cancelled
1738,2025-04-01,P006,Mouse,Accessories,S002,Global Electronics,16,800,12800,17,24,7,On Time,Cancelled
1739,2025-06-17,P005,Keyboard,Accessories,S003,Smart Supply Co,19,1500,28500,44,24,7,On Time,Delivered
1740,2025-09-14,P002,Mobile Phone,Electronics,S004,Prime Distributors,9,25000,225000,46,23,5,Delayed,Cancelled
1741,2025-01-03,P010,Desk,Furniture,S005,Reliable Suppliers,15,10000,150000,99,14,5,On Time,Pending
1742,2025-05-15,P002,Mobile Phone,Electronics,S005,Reliable Suppliers,3,25000,75000,52,30,7,On Time,Pending
1743,2025-02-26,P003,Tablet,Electronics,S001,Tech Supplier Ltd,2,18000,36000,58,24,2,Delayed,Pending
1744,2025-07-29,P009,Office Chair,Furniture,S002,Global Electronics,18,7000,126000,91,14,9,On Time,Delivered
1745,2025-12-16,P010,Desk,Furniture,S002,Global Electronics,20,10000,200000,13,13,12,Delayed,Pending
1746,2025-09-06,P010,Desk,Furniture,S005,Reliable Suppliers,7,10000,70000,63,27,6,On Time,Delivered
1747,2025-07-17,P008,Printer,Office,S004,Prime Distributors,17,15000,255000,37,13,11,On Time,Delivered
1748,2025-09-06,P002,Mobile Phone,Electronics,S004,Prime Distributors,8,25000,200000,100,14,10,On Time,Delivered
1749,2025-02-04,P004,Monitor,Electronics,S005,Reliable Suppliers,19,12000,228000,18,23,8,On Time,Delivered
1750,2025-01-28,P009,Office Chair,Furniture,S004,Prime Distributors,6,7000,42000,33,24,12,Delayed,Pending
1751,2025-11-30,P003,Tablet,Electronics,S001,Tech Supplier Ltd,4,18000,72000,5,19,7,Delayed,Delivered
1752,2025-12-06,P006,Mouse,Accessories,S001,Tech Supplier Ltd,11,800,8800,54,10,2,Delayed,Pending
1753,2025-08-18,P002,Mobile Phone,Electronics,S003,Smart Supply Co,12,25000,300000,87,22,7,On Time,Delivered
1754,2025-02-15,P007,Headphones,Accessories,S005,Reliable Suppliers,17,2500,42500,24,25,7,Delayed,Delivered
1755,2025-06-15,P004,Monitor,Electronics,S005,Reliable Suppliers,15,12000,180000,64,12,6,On Time,Cancelled
1756,2025-06-05,P009,Office Chair,Furniture,S001,Tech Supplier Ltd,7,7000,49000,33,25,10,On Time,Delivered
1757,2025-12-08,P001,Laptop,Electronics,S003,Smart Supply Co,1,50000,50000,43,22,11,Delayed,Pending
1758,2025-04-13,P005,Keyboard,Accessories,S002,Global Electronics,16,1500,24000,13,23,7,On Time,Delivered
1759,2025-07-08,P005,Keyboard,Accessories,S005,Reliable Suppliers,1,1500,1500,57,21,2,Delayed,Cancelled
1760,2025-08-10,P007,Headphones,Accessories,S003,Smart Supply Co,9,2500,22500,54,16,9,On Time,Delivered
1761,2025-03-19,P001,Laptop,Electronics,S004,Prime Distributors,2,50000,100000,43,16,10,Delayed,Cancelled
1762,2025-05-16,P004,Monitor,Electronics,S004,Prime Distributors,16,12000,192000,82,29,9,On Time,Delivered
1763,2025-12-27,P007,Headphones,Accessories,S001,Tech Supplier Ltd,6,2500,15000,93,26,9,Delayed,Delivered
1764,2025-01-19,P002,Mobile Phone,Electronics,S003,Smart Supply Co,3,25000,75000,37,25,7,On Time,Cancelled
1765,2025-11-03,P005,Keyboard,Accessories,S004,Prime Distributors,5,1500,7500,17,14,3,On Time,Pending
1766,2025-11-21,P008,Printer,Office,S003,Smart Supply Co,5,15000,75000,95,28,2,Delayed,Cancelled
1767,2025-08-26,P010,Desk,Furniture,S002,Global Electronics,11,10000,110000,10,14,12,On Time,Delivered
1768,2025-11-03,P002,Mobile Phone,Electronics,S003,Smart Supply Co,11,25000,275000,7,24,6,On Time,Delivered
1769,2025-11-01,P008,Printer,Office,S005,Reliable Suppliers,10,15000,150000,55,25,4,On Time,Pending
1770,2025-09-30,P008,Printer,Office,S003,Smart Supply Co,1,15000,15000,48,19,6,On Time,Cancelled
1771,2025-02-19,P005,Keyboard,Accessories,S003,Smart Supply Co,7,1500,10500,7,30,7,On Time,Delivered
1772,2025-08-18,P008,Printer,Office,S003,Smart Supply Co,4,15000,60000,25,23,2,On Time,Pending
1773,2025-09-27,P004,Monitor,Electronics,S003,Smart Supply Co,11,12000,132000,54,29,2,Delayed,Cancelled
1774,2025-06-02,P002,Mobile Phone,Electronics,S005,Reliable Suppliers,17,25000,425000,39,26,11,On Time,Delivered
1775,2025-06-21,P005,Keyboard,Accessories,S002,Global Electronics,5,1500,7500,21,21,7,Delayed,Cancelled
1776,2025-11-20,P004,Monitor,Electronics,S002,Global Electronics,18,12000,216000,98,23,11,Delayed,Cancelled
1777,2025-06-11,P007,Headphones,Accessories,S003,Smart Supply Co,7,2500,17500,70,19,9,Delayed,Pending
1778,2025-07-25,P001,Laptop,Electronics,S002,Global Electronics,16,50000,800000,77,10,4,Delayed,Cancelled
1779,2025-12-08,P010,Desk,Furniture,S003,Smart Supply Co,2,10000,20000,23,21,3,On Time,Pending
1780,2025-11-22,P008,Printer,Office,S005,Reliable Suppliers,17,15000,255000,62,30,6,Delayed,Delivered
1781,2025-05-27,P005,Keyboard,Accessories,S005,Reliable Suppliers,6,1500,9000,94,30,6,Delayed,Delivered
1782,2025-06-19,P006,Mouse,Accessories,S003,Smart Supply Co,5,800,4000,51,27,10,On Time,Delivered
1783,2025-05-01,P003,Tablet,Electronics,S005,Reliable Suppliers,6,18000,108000,13,23,8,Delayed,Delivered
1784,2025-05-11,P008,Printer,Office,S001,Tech Supplier Ltd,1,15000,15000,71,11,12,Delayed,Delivered
1785,2025-12-28,P006,Mouse,Accessories,S005,Reliable Suppliers,19,800,15200,91,28,6,On Time,Delivered
1786,2025-08-02,P010,Desk,Furniture,S001,Tech Supplier Ltd,20,10000,200000,98,19,6,On Time,Delivered
1787,2025-05-03,P004,Monitor,Electronics,S004,Prime Distributors,7,12000,84000,68,11,5,Delayed,Delivered
1788,2025-04-28,P010,Desk,Furniture,S004,Prime Distributors,2,10000,20000,91,25,2,On Time,Cancelled
1789,2025-03-05,P010,Desk,Furniture,S003,Smart Supply Co,1,10000,10000,61,17,6,Delayed,Cancelled
1790,2025-06-02,P007,Headphones,Accessories,S002,Global Electronics,10,2500,25000,73,10,9,Delayed,Delivered
1791,2025-05-26,P009,Office Chair,Furniture,S002,Global Electronics,2,7000,14000,55,29,5,On Time,Delivered
1792,2025-02-01,P010,Desk,Furniture,S001,Tech Supplier Ltd,12,10000,120000,73,18,12,On Time,Delivered
1793,2025-03-22,P001,Laptop,Electronics,S005,Reliable Suppliers,4,50000,200000,64,23,6,On Time,Delivered
1794,2025-09-28,P004,Monitor,Electronics,S005,Reliable Suppliers,19,12000,228000,80,15,7,On Time,Cancelled
1795,2025-10-20,P003,Tablet,Electronics,S001,Tech Supplier Ltd,1,18000,18000,12,14,7,On Time,Cancelled
1796,2025-02-01,P005,Keyboard,Accessories,S001,Tech Supplier Ltd,14,1500,21000,55,27,6,On Time,Delivered
1797,2025-05-26,P002,Mobile Phone,Electronics,S004,Prime Distributors,11,25000,275000,97,24,9,Delayed,Delivered
1798,2025-01-04,P003,Tablet,Electronics,S001,Tech Supplier Ltd,7,18000,126000,9,24,4,On Time,Cancelled
1799,2025-03-15,P002,Mobile Phone,Electronics,S003,Smart Supply Co,5,25000,125000,55,22,8,On Time,Cancelled
1800,2025-10-29,P002,Mobile Phone,Electronics,S004,Prime Distributors,8,25000,200000,68,19,9,On Time,Delivered
1801,2025-10-12,P004,Monitor,Electronics,S003,Smart Supply Co,10,12000,120000,36,14,5,Delayed,Cancelled
1802,2025-06-28,P005,Keyboard,Accessories,S002,Global Electronics,19,1500,28500,20,14,9,Delayed,Delivered
1803,2025-10-20,P008,Printer,Office,S005,Reliable Suppliers,10,15000,150000,75,28,5,Delayed,Cancelled
1804,2025-10-20,P007,Headphones,Accessories,S004,Prime Distributors,17,2500,42500,55,28,5,On Time,Delivered
1805,2025-10-13,P008,Printer,Office,S002,Global Electronics,9,15000,135000,13,23,12,On Time,Delivered
1806,2025-10-31,P010,Desk,Furniture,S001,Tech Supplier Ltd,6,10000,60000,16,26,5,Delayed,Delivered
1807,2025-05-31,P007,Headphones,Accessories,S003,Smart Supply Co,4,2500,10000,88,12,5,On Time,Pending
1808,2025-07-10,P001,Laptop,Electronics,S004,Prime Distributors,12,50000,600000,24,13,7,Delayed,Cancelled
1809,2025-08-05,P003,Tablet,Electronics,S005,Reliable Suppliers,1,18000,18000,62,13,4,On Time,Delivered
1810,2025-07-13,P001,Laptop,Electronics,S003,Smart Supply Co,14,50000,700000,99,20,4,On Time,Pending
1811,2025-04-24,P007,Headphones,Accessories,S001,Tech Supplier Ltd,3,2500,7500,73,19,11,Delayed,Cancelled
1812,2025-07-22,P007,Headphones,Accessories,S005,Reliable Suppliers,9,2500,22500,52,30,8,On Time,Pending
1813,2025-02-22,P004,Monitor,Electronics,S005,Reliable Suppliers,19,12000,228000,72,30,4,Delayed,Delivered
1814,2025-02-01,P007,Headphones,Accessories,S005,Reliable Suppliers,17,2500,42500,13,28,7,On Time,Delivered
1815,2025-05-18,P010,Desk,Furniture,S002,Global Electronics,7,10000,70000,91,16,4,Delayed,Delivered
1816,2025-09-25,P006,Mouse,Accessories,S005,Reliable Suppliers,12,800,9600,42,22,10,On Time,Cancelled
1817,2025-04-26,P008,Printer,Office,S001,Tech Supplier Ltd,4,15000,60000,34,12,9,On Time,Delivered
1818,2025-01-17,P002,Mobile Phone,Electronics,S003,Smart Supply Co,2,25000,50000,55,14,2,On Time,Delivered
1819,2025-07-01,P004,Monitor,Electronics,S004,Prime Distributors,9,12000,108000,20,12,12,On Time,Delivered
1820,2025-10-23,P002,Mobile Phone,Electronics,S004,Prime Distributors,3,25000,75000,32,12,4,On Time,Cancelled
1821,2025-02-28,P010,Desk,Furniture,S003,Smart Supply Co,3,10000,30000,96,10,12,On Time,Cancelled
1822,2025-04-05,P008,Printer,Office,S003,Smart Supply Co,15,15000,225000,99,17,2,On Time,Pending
1823,2025-04-09,P010,Desk,Furniture,S003,Smart Supply Co,1,10000,10000,42,21,7,Delayed,Delivered
1824,2025-12-21,P006,Mouse,Accessories,S003,Smart Supply Co,7,800,5600,13,14,11,On Time,Delivered
1825,2025-09-20,P001,Laptop,Electronics,S005,Reliable Suppliers,17,50000,850000,31,23,9,Delayed,Cancelled
1826,2025-08-06,P009,Office Chair,Furniture,S004,Prime Distributors,20,7000,140000,26,11,6,Delayed,Delivered
1827,2025-02-17,P009,Office Chair,Furniture,S004,Prime Distributors,19,7000,133000,7,25,9,On Time,Delivered
1828,2025-04-03,P001,Laptop,Electronics,S004,Prime Distributors,12,50000,600000,15,30,5,On Time,Delivered
1829,2025-12-29,P006,Mouse,Accessories,S005,Reliable Suppliers,20,800,16000,79,29,11,On Time,Delivered
1830,2025-11-15,P007,Headphones,Accessories,S001,Tech Supplier Ltd,1,2500,2500,15,11,4,Delayed,Pending
1831,2025-09-28,P008,Printer,Office,S005,Reliable Suppliers,13,15000,195000,24,24,3,On Time,Delivered
1832,2025-08-29,P004,Monitor,Electronics,S004,Prime Distributors,1,12000,12000,6,24,10,Delayed,Delivered
1833,2025-01-18,P007,Headphones,Accessories,S005,Reliable Suppliers,14,2500,35000,98,24,11,On Time,Delivered
1834,2025-11-03,P002,Mobile Phone,Electronics,S003,Smart Supply Co,7,25000,175000,18,19,12,Delayed,Delivered
1835,2025-09-13,P008,Printer,Office,S003,Smart Supply Co,19,15000,285000,73,13,12,On Time,Delivered
1836,2025-04-22,P006,Mouse,Accessories,S005,Reliable Suppliers,3,800,2400,53,16,6,Delayed,Delivered
1837,2025-01-02,P002,Mobile Phone,Electronics,S003,Smart Supply Co,17,25000,425000,45,22,6,Delayed,Delivered
1838,2025-06-19,P005,Keyboard,Accessories,S005,Reliable Suppliers,3,1500,4500,44,11,11,Delayed,Delivered
1839,2025-02-02,P006,Mouse,Accessories,S002,Global Electronics,18,800,14400,85,30,2,On Time,Delivered
1840,2025-11-26,P003,Tablet,Electronics,S001,Tech Supplier Ltd,20,18000,360000,32,29,6,On Time,Cancelled
1841,2025-10-13,P010,Desk,Furniture,S001,Tech Supplier Ltd,2,10000,20000,59,29,9,On Time,Cancelled
1842,2025-03-31,P008,Printer,Office,S004,Prime Distributors,3,15000,45000,68,27,2,On Time,Pending
1843,2025-09-30,P002,Mobile Phone,Electronics,S003,Smart Supply Co,4,25000,100000,45,21,11,On Time,Delivered
1844,2025-01-22,P004,Monitor,Electronics,S004,Prime Distributors,14,12000,168000,61,20,8,On Time,Delivered
1845,2025-12-08,P003,Tablet,Electronics,S005,Reliable Suppliers,6,18000,108000,19,12,3,On Time,Pending
1846,2025-02-25,P010,Desk,Furniture,S001,Tech Supplier Ltd,13,10000,130000,80,22,7,Delayed,Pending
1847,2025-12-19,P005,Keyboard,Accessories,S004,Prime Distributors,18,1500,27000,12,30,5,Delayed,Cancelled
1848,2025-07-11,P001,Laptop,Electronics,S001,Tech Supplier Ltd,20,50000,1000000,14,24,5,Delayed,Delivered
1849,2025-07-01,P006,Mouse,Accessories,S001,Tech Supplier Ltd,10,800,8000,15,11,12,On Time,Cancelled
1850,2025-12-03,P002,Mobile Phone,Electronics,S002,Global Electronics,20,25000,500000,7,16,8,Delayed,Delivered
1851,2025-01-03,P003,Tablet,Electronics,S003,Smart Supply Co,20,18000,360000,85,17,7,Delayed,Pending
1852,2025-01-28,P002,Mobile Phone,Electronics,S003,Smart Supply Co,19,25000,475000,12,21,8,Delayed,Delivered
1853,2025-09-09,P008,Printer,Office,S005,Reliable Suppliers,4,15000,60000,34,16,8,Delayed,Delivered
1854,2025-12-24,P004,Monitor,Electronics,S003,Smart Supply Co,3,12000,36000,93,13,11,On Time,Delivered
1855,2025-11-19,P006,Mouse,Accessories,S004,Prime Distributors,20,800,16000,59,21,2,On Time,Delivered
1856,2025-02-27,P007,Headphones,Accessories,S003,Smart Supply Co,3,2500,7500,77,10,11,Delayed,Delivered
1857,2025-11-02,P008,Printer,Office,S003,Smart Supply Co,4,15000,60000,87,15,3,Delayed,Delivered
1858,2025-09-12,P005,Keyboard,Accessories,S001,Tech Supplier Ltd,6,1500,9000,57,29,10,Delayed,Pending
1859,2025-03-31,P009,Office Chair,Furniture,S002,Global Electronics,17,7000,119000,31,10,5,On Time,Delivered
1860,2025-10-27,P006,Mouse,Accessories,S004,Prime Distributors,9,800,7200,28,15,7,Delayed,Delivered
1861,2025-11-13,P010,Desk,Furniture,S001,Tech Supplier Ltd,1,10000,10000,13,24,8,Delayed,Delivered
1862,2025-06-10,P006,Mouse,Accessories,S004,Prime Distributors,5,800,4000,73,23,9,On Time,Cancelled
1863,2025-07-05,P008,Printer,Office,S004,Prime Distributors,17,15000,255000,23,14,4,On Time,Cancelled
1864,2025-11-07,P006,Mouse,Accessories,S001,Tech Supplier Ltd,6,800,4800,58,16,11,On Time,Delivered
1865,2025-05-02,P010,Desk,Furniture,S001,Tech Supplier Ltd,13,10000,130000,87,29,12,On Time,Delivered
1866,2025-11-20,P001,Laptop,Electronics,S002,Global Electronics,17,50000,850000,86,23,3,On Time,Delivered
1867,2025-10-09,P002,Mobile Phone,Electronics,S004,Prime Distributors,18,25000,450000,60,17,9,Delayed,Delivered
1868,2025-09-23,P005,Keyboard,Accessories,S002,Global Electronics,11,1500,16500,25,21,4,Delayed,Delivered
1869,2025-01-07,P009,Office Chair,Furniture,S002,Global Electronics,19,7000,133000,85,19,9,Delayed,Pending
1870,2025-02-16,P003,Tablet,Electronics,S004,Prime Distributors,5,18000,90000,73,26,5,On Time,Pending
1871,2025-11-26,P006,Mouse,Accessories,S002,Global Electronics,8,800,6400,48,25,8,Delayed,Delivered
1872,2025-04-06,P006,Mouse,Accessories,S005,Reliable Suppliers,2,800,1600,90,24,9,Delayed,Delivered
1873,2025-06-12,P006,Mouse,Accessories,S003,Smart Supply Co,10,800,8000,11,29,7,Delayed,Delivered
1874,2025-01-20,P001,Laptop,Electronics,S005,Reliable Suppliers,4,50000,200000,9,20,9,On Time,Cancelled
1875,2025-07-17,P008,Printer,Office,S003,Smart Supply Co,10,15000,150000,85,30,4,On Time,Cancelled
1876,2025-10-30,P001,Laptop,Electronics,S005,Reliable Suppliers,13,50000,650000,99,15,7,Delayed,Delivered
1877,2025-08-25,P002,Mobile Phone,Electronics,S001,Tech Supplier Ltd,10,25000,250000,66,23,7,Delayed,Delivered
1878,2025-08-05,P005,Keyboard,Accessories,S004,Prime Distributors,16,1500,24000,95,15,3,On Time,Delivered
1879,2025-02-02,P007,Headphones,Accessories,S005,Reliable Suppliers,9,2500,22500,45,20,8,On Time,Delivered
1880,2025-10-29,P004,Monitor,Electronics,S003,Smart Supply Co,20,12000,240000,44,25,11,Delayed,Cancelled
1881,2025-04-06,P003,Tablet,Electronics,S003,Smart Supply Co,1,18000,18000,26,13,7,On Time,Pending
1882,2025-10-07,P006,Mouse,Accessories,S005,Reliable Suppliers,18,800,14400,22,29,7,On Time,Delivered
1883,2025-12-17,P001,Laptop,Electronics,S004,Prime Distributors,8,50000,400000,62,13,7,On Time,Pending
1884,2025-08-26,P002,Mobile Phone,Electronics,S001,Tech Supplier Ltd,17,25000,425000,99,23,11,On Time,Delivered
1885,2025-05-05,P007,Headphones,Accessories,S005,Reliable Suppliers,14,2500,35000,53,22,3,On Time,Delivered
1886,2025-04-30,P001,Laptop,Electronics,S001,Tech Supplier Ltd,7,50000,350000,88,20,3,Delayed,Pending
1887,2025-09-04,P001,Laptop,Electronics,S004,Prime Distributors,13,50000,650000,69,27,9,Delayed,Pending
1888,2025-04-22,P009,Office Chair,Furniture,S003,Smart Supply Co,16,7000,112000,78,11,12,On Time,Delivered
1889,2025-11-05,P008,Printer,Office,S003,Smart Supply Co,5,15000,75000,45,17,4,On Time,Delivered
1890,2025-01-04,P002,Mobile Phone,Electronics,S002,Global Electronics,12,25000,300000,33,18,2,On Time,Delivered
1891,2025-10-26,P010,Desk,Furniture,S002,Global Electronics,2,10000,20000,70,28,8,On Time,Delivered
1892,2025-07-20,P004,Monitor,Electronics,S002,Global Electronics,10,12000,120000,53,16,9,On Time,Delivered
1893,2025-06-20,P002,Mobile Phone,Electronics,S005,Reliable Suppliers,15,25000,375000,20,19,7,On Time,Delivered
1894,2025-03-10,P010,Desk,Furniture,S004,Prime Distributors,3,10000,30000,50,19,2,On Time,Cancelled
1895,2025-09-06,P009,Office Chair,Furniture,S003,Smart Supply Co,6,7000,42000,25,22,3,On Time,Delivered
1896,2025-10-13,P009,Office Chair,Furniture,S002,Global Electronics,11,7000,77000,82,14,6,On Time,Pending
1897,2025-11-26,P003,Tablet,Electronics,S005,Reliable Suppliers,16,18000,288000,47,28,10,On Time,Delivered
1898,2025-08-07,P005,Keyboard,Accessories,S004,Prime Distributors,15,1500,22500,52,12,9,Delayed,Delivered
1899,2025-09-01,P004,Monitor,Electronics,S003,Smart Supply Co,13,12000,156000,21,10,12,Delayed,Delivered
1900,2025-10-30,P006,Mouse,Accessories,S001,Tech Supplier Ltd,9,800,7200,52,10,5,Delayed,Delivered
1901,2025-04-10,P009,Office Chair,Furniture,S002,Global Electronics,17,7000,119000,18,30,9,On Time,Delivered
1902,2025-11-17,P009,Office Chair,Furniture,S005,Reliable Suppliers,9,7000,63000,29,30,6,On Time,Pending
1903,2025-12-09,P002,Mobile Phone,Electronics,S004,Prime Distributors,1,25000,25000,47,28,2,On Time,Delivered
1904,2025-03-27,P009,Office Chair,Furniture,S001,Tech Supplier Ltd,5,7000,35000,53,28,4,On Time,Delivered
1905,2025-09-16,P010,Desk,Furniture,S004,Prime Distributors,19,10000,190000,78,18,5,On Time,Cancelled
1906,2025-03-21,P003,Tablet,Electronics,S005,Reliable Suppliers,4,18000,72000,22,11,9,On Time,Delivered
1907,2025-04-08,P005,Keyboard,Accessories,S003,Smart Supply Co,2,1500,3000,9,23,9,On Time,Delivered
1908,2025-05-03,P010,Desk,Furniture,S005,Reliable Suppliers,5,10000,50000,7,26,10,On Time,Cancelled
1909,2025-07-27,P003,Tablet,Electronics,S005,Reliable Suppliers,5,18000,90000,32,27,2,Delayed,Pending
1910,2025-10-30,P008,Printer,Office,S003,Smart Supply Co,1,15000,15000,60,10,11,On Time,Pending
1911,2025-11-17,P008,Printer,Office,S002,Global Electronics,8,15000,120000,24,15,6,On Time,Delivered
1912,2025-04-07,P008,Printer,Office,S001,Tech Supplier Ltd,3,15000,45000,53,11,5,On Time,Delivered
1913,2025-06-12,P003,Tablet,Electronics,S004,Prime Distributors,13,18000,234000,76,17,11,On Time,Cancelled
1914,2025-10-21,P007,Headphones,Accessories,S001,Tech Supplier Ltd,17,2500,42500,76,26,7,On Time,Cancelled
1915,2025-06-11,P003,Tablet,Electronics,S002,Global Electronics,12,18000,216000,91,15,11,On Time,Delivered
1916,2025-12-02,P001,Laptop,Electronics,S003,Smart Supply Co,19,50000,950000,66,20,2,Delayed,Delivered
1917,2025-06-11,P009,Office Chair,Furniture,S001,Tech Supplier Ltd,10,7000,70000,86,19,10,On Time,Pending
1918,2025-05-09,P006,Mouse,Accessories,S004,Prime Distributors,20,800,16000,19,10,5,Delayed,Cancelled
1919,2025-10-23,P002,Mobile Phone,Electronics,S005,Reliable Suppliers,1,25000,25000,68,26,6,Delayed,Delivered
1920,2025-04-16,P006,Mouse,Accessories,S005,Reliable Suppliers,17,800,13600,64,16,4,On Time,Delivered
1921,2025-01-28,P004,Monitor,Electronics,S002,Global Electronics,13,12000,156000,43,23,5,On Time,Pending
1922,2025-06-01,P009,Office Chair,Furniture,S005,Reliable Suppliers,10,7000,70000,37,18,11,Delayed,Delivered
1923,2025-11-09,P002,Mobile Phone,Electronics,S005,Reliable Suppliers,14,25000,350000,57,11,4,On Time,Cancelled
1924,2025-01-25,P010,Desk,Furniture,S001,Tech Supplier Ltd,18,10000,180000,24,28,6,Delayed,Pending
1925,2025-05-20,P010,Desk,Furniture,S002,Global Electronics,6,10000,60000,37,16,4,On Time,Delivered
1926,2025-05-15,P004,Monitor,Electronics,S004,Prime Distributors,1,12000,12000,64,19,9,On Time,Delivered
1927,2025-04-04,P009,Office Chair,Furniture,S001,Tech Supplier Ltd,19,7000,133000,44,17,5,Delayed,Delivered
1928,2025-11-11,P004,Monitor,Electronics,S005,Reliable Suppliers,5,12000,60000,58,23,8,On Time,Delivered
1929,2025-06-21,P004,Monitor,Electronics,S004,Prime Distributors,6,12000,72000,91,25,11,On Time,Cancelled
1930,2025-02-07,P010,Desk,Furniture,S001,Tech Supplier Ltd,9,10000,90000,16,14,6,On Time,Delivered
1931,2025-09-16,P008,Printer,Office,S001,Tech Supplier Ltd,7,15000,105000,93,18,2,On Time,Delivered
1932,2025-04-01,P002,Mobile Phone,Electronics,S001,Tech Supplier Ltd,5,25000,125000,79,13,8,Delayed,Cancelled
1933,2025-08-02,P002,Mobile Phone,Electronics,S003,Smart Supply Co,12,25000,300000,13,27,9,On Time,Cancelled
1934,2025-04-21,P004,Monitor,Electronics,S004,Prime Distributors,17,12000,204000,70,13,12,Delayed,Pending
1935,2025-09-09,P010,Desk,Furniture,S001,Tech Supplier Ltd,11,10000,110000,10,11,12,Delayed,Delivered
1936,2025-11-29,P009,Office Chair,Furniture,S002,Global Electronics,8,7000,56000,92,26,9,On Time,Delivered
1937,2025-02-05,P010,Desk,Furniture,S005,Reliable Suppliers,14,10000,140000,90,12,6,On Time,Pending
1938,2025-12-22,P007,Headphones,Accessories,S002,Global Electronics,5,2500,12500,16,23,5,Delayed,Delivered
1939,2025-04-07,P003,Tablet,Electronics,S004,Prime Distributors,19,18000,342000,67,12,4,On Time,Cancelled
1940,2025-09-22,P005,Keyboard,Accessories,S001,Tech Supplier Ltd,7,1500,10500,63,16,12,On Time,Delivered
1941,2025-11-19,P008,Printer,Office,S003,Smart Supply Co,6,15000,90000,91,22,5,On Time,Pending
1942,2025-07-13,P002,Mobile Phone,Electronics,S004,Prime Distributors,17,25000,425000,26,27,3,Delayed,Delivered
1943,2025-12-09,P007,Headphones,Accessories,S004,Prime Distributors,9,2500,22500,65,27,6,Delayed,Delivered
1944,2025-02-25,P007,Headphones,Accessories,S004,Prime Distributors,16,2500,40000,34,25,6,Delayed,Cancelled
1945,2025-11-01,P001,Laptop,Electronics,S004,Prime Distributors,6,50000,300000,90,30,7,Delayed,Delivered
1946,2025-04-07,P009,Office Chair,Furniture,S005,Reliable Suppliers,16,7000,112000,21,22,2,On Time,Pending
1947,2025-11-16,P002,Mobile Phone,Electronics,S002,Global Electronics,4,25000,100000,69,21,7,Delayed,Delivered
1948,2025-05-02,P005,Keyboard,Accessories,S004,Prime Distributors,12,1500,18000,81,16,5,Delayed,Cancelled
1949,2025-02-03,P006,Mouse,Accessories,S005,Reliable Suppliers,6,800,4800,34,18,9,Delayed,Delivered
1950,2025-01-25,P003,Tablet,Electronics,S002,Global Electronics,9,18000,162000,80,14,4,On Time,Delivered
1951,2025-12-06,P005,Keyboard,Accessories,S003,Smart Supply Co,9,1500,13500,76,10,11,On Time,Cancelled
1952,2025-06-05,P006,Mouse,Accessories,S002,Global Electronics,3,800,2400,82,13,11,Delayed,Delivered
1953,2025-05-03,P007,Headphones,Accessories,S002,Global Electronics,6,2500,15000,11,26,7,On Time,Pending
1954,2025-03-02,P001,Laptop,Electronics,S005,Reliable Suppliers,13,50000,650000,72,21,6,On Time,Cancelled
1955,2025-06-15,P003,Tablet,Electronics,S004,Prime Distributors,7,18000,126000,53,21,2,On Time,Delivered
1956,2025-07-06,P001,Laptop,Electronics,S003,Smart Supply Co,19,50000,950000,100,28,2,On Time,Cancelled
1957,2025-07-28,P004,Monitor,Electronics,S005,Reliable Suppliers,20,12000,240000,93,27,3,On Time,Cancelled
1958,2025-04-24,P008,Printer,Office,S004,Prime Distributors,6,15000,90000,88,29,2,Delayed,Delivered
1959,2025-05-01,P004,Monitor,Electronics,S004,Prime Distributors,15,12000,180000,44,19,10,On Time,Cancelled
1960,2025-07-28,P006,Mouse,Accessories,S002,Global Electronics,6,800,4800,51,23,9,On Time,Cancelled
1961,2025-09-22,P003,Tablet,Electronics,S003,Smart Supply Co,12,18000,216000,11,13,6,On Time,Delivered
1962,2025-08-15,P007,Headphones,Accessories,S004,Prime Distributors,12,2500,30000,80,27,9,Delayed,Delivered
1963,2025-09-15,P002,Mobile Phone,Electronics,S001,Tech Supplier Ltd,10,25000,250000,47,27,3,Delayed,Pending
1964,2025-06-18,P010,Desk,Furniture,S001,Tech Supplier Ltd,4,10000,40000,6,10,11,On Time,Delivered
1965,2025-08-01,P010,Desk,Furniture,S005,Reliable Suppliers,13,10000,130000,81,10,7,On Time,Pending
1966,2025-05-23,P008,Printer,Office,S005,Reliable Suppliers,19,15000,285000,65,12,2,On Time,Delivered
1967,2025-03-02,P010,Desk,Furniture,S001,Tech Supplier Ltd,19,10000,190000,86,11,10,Delayed,Delivered
1968,2025-05-23,P005,Keyboard,Accessories,S001,Tech Supplier Ltd,17,1500,25500,14,27,9,On Time,Delivered
1969,2025-12-09,P005,Keyboard,Accessories,S001,Tech Supplier Ltd,8,1500,12000,48,17,7,Delayed,Cancelled
1970,2025-06-27,P010,Desk,Furniture,S001,Tech Supplier Ltd,13,10000,130000,56,14,7,On Time,Cancelled
1971,2025-10-19,P004,Monitor,Electronics,S004,Prime Distributors,6,12000,72000,81,18,4,On Time,Delivered
1972,2025-08-22,P006,Mouse,Accessories,S004,Prime Distributors,15,800,12000,12,30,7,Delayed,Delivered
1973,2025-05-19,P008,Printer,Office,S005,Reliable Suppliers,10,15000,150000,8,29,9,Delayed,Delivered
1974,2025-08-27,P002,Mobile Phone,Electronics,S002,Global Electronics,16,25000,400000,11,25,5,On Time,Cancelled
1975,2025-11-28,P010,Desk,Furniture,S003,Smart Supply Co,19,10000,190000,12,11,6,On Time,Pending
1976,2025-09-22,P008,Printer,Office,S002,Global Electronics,10,15000,150000,33,28,10,Delayed,Delivered
1977,2025-11-07,P010,Desk,Furniture,S002,Global Electronics,11,10000,110000,46,11,7,On Time,Delivered
1978,2025-01-29,P004,Monitor,Electronics,S005,Reliable Suppliers,20,12000,240000,54,29,6,On Time,Pending
1979,2025-06-15,P006,Mouse,Accessories,S002,Global Electronics,7,800,5600,61,23,10,Delayed,Delivered
1980,2025-09-08,P002,Mobile Phone,Electronics,S002,Global Electronics,5,25000,125000,55,13,12,On Time,Delivered
1981,2025-04-08,P006,Mouse,Accessories,S005,Reliable Suppliers,12,800,9600,15,24,3,On Time,Cancelled
1982,2025-05-16,P004,Monitor,Electronics,S001,Tech Supplier Ltd,20,12000,240000,14,11,9,Delayed,Delivered
1983,2025-05-23,P002,Mobile Phone,Electronics,S001,Tech Supplier Ltd,3,25000,75000,89,14,10,Delayed,Delivered
1984,2025-04-26,P004,Monitor,Electronics,S003,Smart Supply Co,6,12000,72000,50,13,9,Delayed,Pending
1985,2025-11-14,P001,Laptop,Electronics,S001,Tech Supplier Ltd,19,50000,950000,59,21,9,On Time,Delivered
1986,2025-02-22,P010,Desk,Furniture,S002,Global Electronics,15,10000,150000,78,17,12,On Time,Pending
1987,2025-05-19,P010,Desk,Furniture,S005,Reliable Suppliers,8,10000,80000,59,25,8,Delayed,Delivered
1988,2025-10-07,P007,Headphones,Accessories,S005,Reliable Suppliers,8,2500,20000,65,20,10,On Time,Delivered
1989,2025-02-07,P005,Keyboard,Accessories,S005,Reliable Suppliers,15,1500,22500,84,24,9,On Time,Delivered
1990,2025-01-22,P001,Laptop,Electronics,S004,Prime Distributors,5,50000,250000,31,14,8,On Time,Delivered
1991,2025-10-12,P006,Mouse,Accessories,S002,Global Electronics,7,800,5600,26,14,2,On Time,Delivered
1992,2025-02-09,P009,Office Chair,Furniture,S001,Tech Supplier Ltd,17,7000,119000,10,26,9,On Time,Delivered
1993,2025-06-29,P009,Office Chair,Furniture,S003,Smart Supply Co,15,7000,105000,63,10,9,Delayed,Pending
1994,2025-11-12,P005,Keyboard,Accessories,S004,Prime Distributors,17,1500,25500,90,22,6,On Time,Cancelled
1995,2025-10-29,P003,Tablet,Electronics,S001,Tech Supplier Ltd,4,18000,72000,24,22,6,On Time,Delivered
1996,2025-01-16,P003,Tablet,Electronics,S004,Prime Distributors,18,18000,324000,9,25,10,Delayed,Delivered
1997,2025-08-31,P001,Laptop,Electronics,S002,Global Electronics,6,50000,300000,97,24,12,Delayed,Delivered
1998,2025-03-15,P006,Mouse,Accessories,S002,Global Electronics,16,800,12800,75,12,2,Delayed,Delivered
1999,2025-04-29,P002,Mobile Phone,Electronics,S004,Prime Distributors,10,25000,250000,13,20,5,On Time,Delivered
2000,2025-03-23,P002,Mobile Phone,Electronics,S005,Reliable Suppliers,18,25000,450000,46,24,12,On Time,Delivered
